2022,2022-04-11,1,Estádio Aderbal Ramos da Silva,Luiz Flávio de Oliveira ,5081,17800,Avaí FC,América-MG,Eduardo Barroca,Marquinhos Santos,6,15,4280000,11300000,30.2,29.3,1,0,0,0,6,1,20,18,17,18,1,1,3,2,13,7,8,3
2022,2022-04-09,1,Estádio Jornalista Mário Filho,Anderson Daronco,20787,82238,Fluminense,Santos,Abel Braga,Fabián Bustos,13,12,28050000,29500000,28.7,26,0,0,0,0,8,1,14,18,18,14,1,6,0,4,26,3,11,2
2022,2022-04-11,1,Estádio Cícero Pompeu de Toledo,Wagner do Nascimento Magalhães,20606,72039,São Paulo,Athletico-PR,Rogério Ceni,Alberto Valentim,1,20,31300000,34700000,27.4,24.3,4,0,1,0,5,5,17,14,14,17,0,4,2,2,18,7,7,5
2022,2022-04-10,1,Estádio Major Antônio Couto Pereira,Raphael Claus,18600,37182,Coritiba FC,Goiás,Gustavo Morínigo,Glauber Ramos,2,19,9200000,6850000,29.6,27.3,3,0,1,0,7,3,10,12,11,10,0,6,3,2,17,7,3,5
2022,2022-04-10,1,Estádio Antonio Accioly,Braulio da Silva Machado,10496,13000,Atlético-GO,Flamengo,Umberto Louzer,Paulo Sousa,11,10,8650000,95500000,27.2,26.7,1,1,0,0,,,,,,,,,,,,,,
2022,2022-04-10,1,Estádio Governador Magalhães Pinto,Bruno Arleu de Araújo,37531,57018,Atlético-MG,Internacional,Antonio Mohamed,Alexander Medina,4,18,63000000,39000000,28.5,26.8,2,0,1,0,3,3,12,18,16,12,1,3,2,0,15,6,8,4
2022,2022-04-10,1,Estádio Governador Plácido Castelo,Felipe Fernandes,18279,60326,Fortaleza,Cuiabá-MT,Juan Pablo Vojvoda,Pintado,16,7,11050000,10250000,27.4,29.3,0,1,0,1,7,1,22,23,19,21,3,5,1,0,22,9,7,3
2022,2022-04-12,1,Estádio Alfredo Jaconi ,Rodolpho Toski Marques,3300,23726,Juventude,RB Bragantino,Eduardo Baptista,Maurício Barbieri,8,9,8000000,37700000,29.2,22.6,2,2,1,1,5,4,16,17,16,16,1,6,5,1,13,15,3,8
2022,2022-04-10,1,Allianz Parque,Caio Max Augusto Vieira,27100,43600,Palmeiras,Ceará SC,Abel Ferreira,Dorival Júnior,14,5,87200000,11050000,28.2,30.6,2,3,1,2,11,8,17,14,14,17,6,2,3,0,17,19,8,8
2022,2022-04-10,1,Estádio Olímpico Nilton Santos,Wilton Sampaio,34344,46931,Botafogo,Corinthians,Luís Castro,Vítor Pereira,17,3,30500000,47050000,27.1,26.3,1,3,0,3,2,4,6,18,17,6,5,3,0,1,9,15,4,5
2022,2022-04-16,2,Estádio Serra Dourada,Braulio da Silva Machado,12864,14525,Goiás,Palmeiras,Jair Ventura,Abel Ferreira,19,14,8950000,86000000,28.3,26.7,1,1,0,0,2,6,16,7,6,13,5,5,0,2,9,22,2,11
2022,2022-04-17,2,Arena Pantanal,Savio Pereira Sampaio,10791,42968,Cuiabá-MT,Fluminense,Pintado,Abel Braga,7,13,10000000,29600000,29.9,29.2,0,1,0,0,2,5,18,14,13,16,3,1,1,0,5,12,1,8
2022,2022-04-17,2,Estádio Raimundo Sampaio,Ramon Abatti,1559,25000,América-MG,Juventude,Vagner Mancini,Eduardo Baptista,15,8,8650000,8000000,31.1,29.2,4,1,2,0,5,5,19,11,11,18,3,5,2,2,22,13,9,3
2022,2022-04-17,2,Neo Química Arena ,Bruno Arleu de Araújo,30335,49205,Corinthians,Avaí FC,Vítor Pereira,Eduardo Barroca,3,6,44600000,4280000,26.7,30.3,3,0,2,0,7,2,22,12,11,22,5,1,1,5,14,15,6,7
2022,2022-04-17,2,Arena da Baixada,Wilton Sampaio,17305,42372,Athletico-PR,Atlético-MG,Fábio Carille,Antonio Mohamed,20,4,26750000,64900000,24.7,27.9,0,1,0,0,2,5,9,14,13,9,4,3,1,0,12,17,6,10
2022,2022-04-17,2,Estádio Nabi Abi Chedid,Paulo Roberto Alves Júnior,2351,13212,RB Bragantino,Atlético-GO,Maurício Barbieri,Umberto Louzer,9,11,36500000,8650000,25.1,27.3,4,0,3,0,13,2,12,9,9,12,3,4,1,2,18,5,3,2
2022,2022-04-17,2,Estádio Urbano Caldeira,Wagner do Nascimento Magalhães,13052,20120,Santos,Coritiba FC,Fabián Bustos,Gustavo Morínigo,12,2,34900000,9000000,25.1,30.4,2,1,2,1,4,7,22,10,10,21,5,6,2,0,15,22,5,9
2022,2022-04-17,2,Estádio Jornalista Mário Filho,Anderson Daronco,54686,78838,Flamengo,São Paulo,Paulo Sousa,Rogério Ceni,10,1,84300000,33300000,28,26.7,3,1,1,1,,,,,,,,,,,,,,
2022,2022-04-18,2,Estádio Governador Plácido Castelo,Raphael Claus,33734,60326,Ceará SC,Botafogo,Dorival Júnior,Luís Castro,5,17,9750000,27480000,30.7,26.6,1,3,1,1,4,2,16,15,15,16,0,3,1,2,18,11,7,5
2022,2022-04-17,2,Estádio Beira-Rio,Flavio Rodrigues de Souza,31783,56000,Internacional,Fortaleza,Cauan Almeida,Juan Pablo Vojvoda,18,16,27650000,12150000,29.2,27.8,2,1,1,1,8,5,15,13,12,15,2,3,0,3,18,7,8,2
2022,2022-04-24,3,Estádio Urbano Caldeira,Wilton Sampaio,10374,20120,Santos,América-MG,Fabián Bustos,Vagner Mancini,5,9,34900000,10150000,25.1,31.3,3,0,1,0,3,8,16,8,8,15,2,4,2,1,18,19,5,11
2022,2022-04-26,3,Estádio Aderbal Ramos da Silva,Antonio Dib Moraes de Sousa,5883,17800,Avaí FC,Goiás,Eduardo Barroca,Jair Ventura,14,17,5980000,6900000,29.1,28.2,3,2,1,0,3,5,20,20,16,20,3,1,0,3,14,18,6,4
2022,2022-04-24,3,Estádio Alfredo Jaconi ,Paulo Roberto Alves Júnior,3920,23726,Juventude,Cuiabá-MT,Eduardo Baptista,Pintado,16,11,7800000,8500000,28.2,30.1,0,1,0,0,6,7,18,19,19,15,3,2,2,1,13,10,8,4
2022,2022-04-24,3,Arena Barueri,Anderson Daronco,23973,43600,Palmeiras,Corinthians,Abel Ferreira,Vítor Pereira,15,1,91000000,43800000,27.2,25.3,3,0,2,0,12,3,13,13,13,13,1,4,3,0,20,7,9,3
2022,2022-04-24,3,Estádio Jornalista Mário Filho,Braulio da Silva Machado,16176,82238,Fluminense,Internacional,Abel Braga,Cauan Almeida,6,13,28250000,37300000,29.3,29,0,1,0,0,5,4,15,12,12,14,4,2,4,2,12,12,4,4
2022,2022-04-23,3,Arena da Baixada,Raphael Claus,22659,42372,Athletico-PR,Flamengo,Fábio Carille,Paulo Sousa,20,4,26250000,72500000,24.7,26.9,1,0,1,0,6,5,15,10,9,15,6,1,2,1,10,11,5,3
2022,2022-04-24,3,Estádio Antonio Accioly,Luiz Flávio de Oliveira ,4427,13000,Atlético-GO,Botafogo,Umberto Louzer,Luís Castro,18,10,8550000,19980000,27.1,26.6,1,1,0,0,2,7,11,5,5,11,2,1,2,2,9,17,7,4
2022,2022-04-24,3,Estádio Raimundo Sampaio,Savio Pereira Sampaio,19974,23018,Atlético-MG,Coritiba FC,Antonio Mohamed,Gustavo Morínigo,2,8,42400000,6950000,30.5,27.8,2,2,2,0,3,3,10,8,8,9,2,3,0,0,20,11,12,5
2022,2022-04-23,3,Estádio Nabi Abi Chedid,Bruno Arleu de Araújo,8040,13212,RB Bragantino,São Paulo,Maurício Barbieri,Rogério Ceni,3,7,22550000,34800000,23.3,27.4,1,1,1,0,6,9,13,12,11,12,6,2,1,2,15,24,8,12
2022,2022-06-02,3,Estádio Governador Plácido Castelo,Braulio da Silva Machado,37372,60326,Fortaleza,Ceará SC,Juan Pablo Vojvoda,Dorival Júnior,19,12,11750000,9400000,28.7,29.7,0,1,0,1,4,1,18,18,17,16,6,3,0,2,11,19,6,7
2022,2022-05-01,4,Estádio Olímpico Nilton Santos,Braulio da Silva Machado,34734,46931,Botafogo,Juventude,Luís Castro,Eduardo Baptista,13,19,29780000,7400000,28.4,29,1,1,0,0,6,4,14,17,14,13,3,3,2,3,17,8,7,4
2022,2022-04-21,4,Estádio Jornalista Mário Filho,Wilton Sampaio,69997,78838,Flamengo,Palmeiras,Paulo Sousa,Abel Ferreira,12,11,83800000,88000000,28.4,28,0,0,0,0,9,6,15,21,21,14,2,2,1,1,17,10,9,3
2022,2022-04-30,4,Estádio Raimundo Sampaio,Jefferson Ferreira Moraes,2433,25000,América-MG,Athletico-PR,Vagner Mancini,Fábio Carille,15,16,9450000,21550000,30,24,1,0,0,0,6,11,19,12,12,18,5,2,4,3,7,13,4,5
2022,2022-05-01,4,Neo Química Arena ,Savio Pereira Sampaio,37018,49205,Corinthians,Fortaleza,Vítor Pereira,Juan Pablo Vojvoda,3,20,47600000,12400000,30,26.8,1,0,0,0,9,4,14,14,14,13,5,3,1,4,6,15,2,5
2022,2022-05-02,4,Estádio Beira-Rio,Wilton Sampaio,23823,56000,Internacional,Avaí FC,Mano Menezes,Eduardo Barroca,6,7,34300000,6000000,27.8,28.7,0,0,0,0,18,2,15,16,16,15,4,3,0,0,23,11,11,2
2022,2022-04-30,4,Estádio Serra Dourada,Bruno Arleu de Araújo,10165,14525,Goiás,Atlético-MG,Jair Ventura,Antonio Mohamed,18,2,8550000,72000000,28,28.6,2,2,0,1,0,10,21,15,14,20,3,0,0,2,7,21,3,11
2022,2022-04-30,4,Estádio Governador Plácido Castelo,Ramon Abatti,23211,60326,Ceará SC,RB Bragantino,Dorival Júnior,Maurício Barbieri,5,8,8800000,42000000,28.7,25.3,0,1,0,1,5,4,11,20,19,10,5,4,4,0,14,18,6,8
2022,2022-05-01,4,Arena Pantanal,Douglas Marques Flores,4517,42968,Cuiabá-MT,Atlético-GO,Pintado,Umberto Louzer,4,17,9200000,9100000,29.5,26.7,1,1,0,1,4,6,12,14,14,11,6,4,1,0,17,14,7,6
2022,2022-05-03,4,Estádio Cícero Pompeu de Toledo,Leandro Pedro Vuaden,36746,72039,São Paulo,Santos,Rogério Ceni,Fabián Bustos,9,1,30600000,26400000,27.5,25.9,2,1,1,1,2,4,15,8,7,15,2,2,2,0,10,8,5,3
2022,2022-05-01,4,Estádio Major Antônio Couto Pereira,Raphael Claus,24622,40502,Coritiba FC,Fluminense,Gustavo Morínigo,Marcão,10,14,8800000,37300000,27.7,28.6,3,2,0,2,8,1,13,16,14,13,2,5,1,2,20,7,7,3
2022,2022-05-10,5,Estádio Aderbal Ramos da Silva,Jefferson Ferreira Moraes,8548,17800,Avaí FC,Coritiba FC,Eduardo Barroca,Gustavo Morínigo,9,4,5980000,6650000,29.1,30.4,2,1,0,0,5,7,14,13,13,14,3,4,0,1,12,8,4,3
2022,2022-05-08,5,Estádio Nacional de Brasília Mané Garrincha,Anderson Daronco,54981,72838,Flamengo,Botafogo,Paulo Sousa,Luís Castro,13,14,82300000,20880000,29.9,28.3,0,1,0,0,10,4,13,18,18,13,7,7,8,1,17,13,9,1
2022,2022-05-09,5,Estádio Governador Plácido Castelo,Ramon Abatti,25518,60326,Fortaleza,São Paulo,Juan Pablo Vojvoda,Rogério Ceni,20,5,12450000,30000000,28.3,26.3,1,1,0,0,9,4,16,14,13,16,1,2,3,2,12,4,4,0
2022,2022-05-09,5,Estádio Alfredo Jaconi ,Bruno Arleu de Araújo,7341,23726,Juventude,Internacional,Eduardo Baptista,Mano Menezes,19,8,9780000,36900000,27.7,27,1,1,0,0,6,3,22,13,11,20,2,4,3,1,11,8,6,3
2022,2022-05-08,5,Allianz Parque,Savio Pereira Sampaio,28776,43600,Palmeiras,Fluminense,Abel Ferreira,Fernando Diniz,12,15,86000000,29300000,27.6,30.6,1,1,0,0,6,3,10,13,12,10,1,4,3,0,19,8,6,3
2022,2022-05-08,5,Arena da Baixada,Leandro Pedro Vuaden,22659,42372,Athletico-PR,Ceará SC,Wesley Carvalho,Dorival Júnior,16,11,27550000,10950000,24.5,28.5,1,0,0,0,4,9,19,8,8,19,3,8,1,1,15,16,4,10
2022,2022-05-08,5,Estádio Nabi Abi Chedid,Raphael Claus,9993,13212,RB Bragantino,Corinthians,Maurício Barbieri,Vítor Pereira,2,1,33850000,32300000,22.6,28.7,0,1,0,0,1,1,11,9,6,9,0,2,3,1,8,4,5,2
2022,2022-05-08,5,Estádio Urbano Caldeira,Braulio da Silva Machado,7256,20120,Santos,Cuiabá-MT,Fabián Bustos,Pintado,6,7,29700000,6450000,25.8,29.6,4,1,2,1,4,8,14,12,12,12,2,2,1,2,12,16,3,7
2022,2022-05-08,5,Estádio Antonio Accioly,Wagner do Nascimento Magalhães,5431,13000,Atlético-GO,Goiás,Umberto Louzer,Jair Ventura,17,18,8450000,6550000,27,27.8,0,1,0,1,12,0,12,11,9,12,2,7,2,2,33,6,16,3
2022,2022-05-07,5,Estádio Raimundo Sampaio,Wilton Sampaio,14629,23018,Atlético-MG,América-MG,Antonio Mohamed,Vagner Mancini,3,10,54300000,7150000,28.7,30.5,1,2,0,1,11,3,7,22,22,6,7,7,3,3,23,12,9,1
2022,2022-05-16,6,Estádio Serra Dourada,Marcelo de Lima Henrique  ,9538,14525,Goiás,Santos,Jair Ventura,Fabián Bustos,17,2,6950000,25900000,27.2,26.1,1,0,1,0,5,9,14,11,11,12,4,4,0,2,10,16,3,9
2022,2022-05-14,6,Allianz Parque,Flavio Rodrigues de Souza,36123,43600,Palmeiras,RB Bragantino,Abel Ferreira,Maurício Barbieri,14,5,86700000,26500000,27.9,24.2,2,0,1,0,7,4,11,14,14,11,2,5,3,0,14,11,4,5
2022,2022-05-15,6,Estádio General Sylvio Raulino de Oliveira,Ramon Abatti,4722,18238,Fluminense,Athletico-PR,Fernando Diniz,Luiz Felipe Scolari,16,13,36600000,29050000,28.5,24.2,2,1,1,0,4,5,12,12,11,12,2,4,1,1,11,12,3,3
2022,2022-05-15,6,Estádio Major Antônio Couto Pereira,Bruno Arleu de Araújo,20818,40502,Coritiba FC,América-MG,Gustavo Morínigo,Vagner Mancini,10,4,7950000,10200000,30.3,28.2,1,0,1,0,7,4,11,23,22,10,2,6,4,1,17,9,6,4
2022,2022-05-15,6,Estádio Raimundo Sampaio,Anderson Daronco,20749,23018,Atlético-MG,Atlético-GO,Antonio Mohamed,Umberto Louzer,7,19,74000000,8200000,28.5,26.1,2,0,1,0,10,2,16,14,13,14,0,6,2,1,14,5,3,2
2022,2022-05-15,6,Estádio Aderbal Ramos da Silva,Douglas Marques Flores,9355,17800,Avaí FC,Juventude,Eduardo Barroca,Eduardo Baptista,3,18,5980000,8150000,29.1,27.9,1,2,1,1,6,6,18,16,16,18,1,4,0,0,17,5,8,1
2022,2022-05-15,6,Estádio Olímpico Nilton Santos,Jefferson Ferreira Moraes,23616,46931,Botafogo,Fortaleza,Luís Castro,Juan Pablo Vojvoda,8,20,18880000,13800000,28.2,28.4,3,1,1,1,5,1,14,15,14,14,2,3,3,2,13,10,4,3
2022,2022-05-15,6,Estádio Cícero Pompeu de Toledo,Alexandre Vargas Tavares,27511,72039,São Paulo,Cuiabá-MT,Rogério Ceni,Pintado,6,11,33500000,7700000,27.6,29.9,2,1,0,1,15,3,5,15,14,5,2,7,1,0,21,6,9,2
2022,2022-05-15,6,Estádio Beira-Rio,Braulio da Silva Machado,18482,56000,Internacional,Corinthians,Mano Menezes,Vítor Pereira,9,1,40900000,36300000,28.8,28.3,2,2,2,1,5,6,8,7,7,8,7,3,1,3,13,15,4,4
2022,2022-05-14,6,Estádio Governador Plácido Castelo,Luiz Flávio de Oliveira ,52139,60326,Ceará SC,Flamengo,Dorival Júnior,Paulo Sousa,12,15,8700000,89000000,27,28.9,2,2,1,2,7,3,18,22,20,18,2,2,4,0,15,11,4,3
2022,2022-05-21,7,Arena Barueri,Savio Pereira Sampaio,25797,32120,Santos,Ceará SC,Fabián Bustos,Dorival Júnior,5,14,27400000,10100000,26,28.8,0,0,0,0,6,2,9,13,13,9,4,3,2,1,16,11,11,6
2022,2022-05-21,7,Estádio Jornalista Mário Filho,Braulio da Silva Machado,51962,78838,Flamengo,Goiás,Paulo Sousa,Jair Ventura,17,13,100500000,6600000,27.6,27.6,1,0,1,0,6,4,14,19,18,13,0,5,1,3,12,3,5,3
2022,2022-05-22,7,Arena Pantanal,Ramon Abatti,7968,42968,Cuiabá-MT,Internacional,Luiz Fernando Iubel,Mano Menezes,15,10,8450000,41100000,28.6,28.3,1,1,0,0,4,11,9,12,12,8,3,2,2,1,11,14,4,6
2022,2022-05-22,7,Estádio Raimundo Sampaio,Raphael Claus,4236,25000,América-MG,Botafogo,Vagner Mancini,Luís Castro,8,4,5800000,30880000,28.7,28,1,1,1,0,3,5,19,9,8,15,4,3,3,1,12,8,5,2
2022,2022-05-23,7,Arena da Baixada,Flavio Rodrigues de Souza,15949,42372,Athletico-PR,Avaí FC,Luiz Felipe Scolari,Eduardo Barroca,16,7,32700000,5700000,24.2,28,2,1,2,0,5,4,23,17,16,23,3,1,1,0,12,9,5,3
2022,2022-05-21,7,Estádio Antonio Accioly,Luiz Flávio de Oliveira ,4676,13000,Atlético-GO,Coritiba FC,,,19,6,7950000,7800000,27.8,30.7,2,0,1,0,3,5,14,13,13,14,6,1,1,1,17,14,7,6
2022,2022-05-12,7,Estádio Nabi Abi Chedid,Braulio da Silva Machado,5222,13212,RB Bragantino,Atlético-MG,Maurício Barbieri,Antonio Mohamed,11,3,51800000,74000000,23.4,27.9,1,1,1,0,3,10,13,5,4,12,3,0,1,2,6,18,4,4
2022,2022-05-22,7,Estádio Governador Plácido Castelo,Anderson Daronco,37507,60326,Fortaleza,Fluminense,Juan Pablo Vojvoda,Fernando Diniz,20,12,11550000,37000000,28.1,29.2,0,1,0,1,12,5,13,14,13,11,2,8,0,3,23,7,7,4
2022,2022-05-22,7,Neo Química Arena ,Wilton Sampaio,44672,49205,Corinthians,São Paulo,Vítor Pereira,Rogério Ceni,1,2,36650000,34300000,29.6,27.1,1,1,0,1,8,8,11,12,11,11,6,5,2,2,13,14,8,4
2022,2022-05-22,7,Estádio Alfredo Jaconi ,Marcelo de Lima Henrique  ,5513,23726,Juventude,Palmeiras,Eduardo Baptista,Abel Ferreira,18,9,7580000,72700000,28.1,27.6,0,3,0,2,7,7,20,6,6,20,5,3,1,2,13,19,7,5
2022,2022-05-29,8,Estádio Urbano Caldeira,Luiz Flávio de Oliveira ,14220,20120,Santos,Palmeiras,Fabián Bustos,Abel Ferreira,6,2,28400000,72450000,25.4,28.4,0,1,0,0,3,4,19,15,15,18,3,3,1,2,17,17,7,9
2022,2022-05-29,8,Estádio Governador Plácido Castelo,André Luiz de Freitas Castro,22466,60326,Fortaleza,Juventude,Juan Pablo Vojvoda,Eduardo Baptista,20,19,14600000,6000000,29,26.8,1,1,0,0,8,7,10,16,14,10,7,2,1,0,14,16,5,5
2022,2022-05-29,8,Arena Pantanal,Wagner do Nascimento Magalhães,4539,42968,Cuiabá-MT,Athletico-PR,Luiz Fernando Iubel,Luiz Felipe Scolari,17,12,6400000,28700000,29,24.9,0,1,0,0,8,8,9,17,17,8,7,0,0,4,10,19,6,4
2022,2022-05-29,8,Neo Química Arena ,Anderson Daronco,34922,49205,Corinthians,América-MG,Vítor Pereira,Vagner Mancini,1,9,30950000,5900000,30.2,30.2,1,1,0,0,6,5,13,19,19,13,4,3,0,1,7,13,1,3
2022,2022-05-29,8,Estádio Major Antônio Couto Pereira,Braulio da Silva Machado,20302,40502,Coritiba FC,Botafogo,Gustavo Morínigo,Luís Castro,8,5,5800000,15730000,26.9,28.1,1,0,1,0,5,9,10,12,12,10,3,3,3,4,15,18,8,8
2022,2022-05-31,8,Estádio Beira-Rio,Marcelo de Lima Henrique  ,11050,56000,Internacional,Atlético-GO,,,11,18,41900000,7600000,27.1,27.7,1,1,1,0,3,12,7,16,15,6,4,4,0,0,10,20,5,11
2022,2022-05-28,8,Estádio Serra Dourada,Ramon Abatti,6283,14525,Goiás,RB Bragantino,Jair Ventura,Maurício Barbieri,16,13,6900000,49150000,28.6,21.8,1,1,0,1,6,1,18,22,22,18,3,1,0,1,17,14,7,8
2022,2022-05-29,8,Estádio Jornalista Mário Filho,Raphael Claus,57919,82238,Fluminense,Flamengo,Fernando Diniz,Paulo Sousa,7,14,27050000,93000000,30.3,28.1,1,2,1,1,12,2,9,16,15,8,1,5,2,4,17,7,7,3
2022,2022-05-29,8,Estádio Cícero Pompeu de Toledo,Bruno Arleu de Araújo,32977,72039,São Paulo,Ceará SC,Rogério Ceni,Dorival Júnior,3,15,33000000,8950000,27.6,28.7,2,2,2,1,8,3,19,10,8,18,2,3,2,3,15,7,7,2
2022,2022-05-30,8,Estádio Governador Magalhães Pinto,Jefferson Ferreira Moraes,31551,57018,Atlético-MG,Avaí FC,Antonio Mohamed,Eduardo Barroca,4,10,37700000,8250000,30.7,28.2,2,1,0,1,13,0,14,10,10,12,0,5,2,0,27,5,13,2
2022,2022-06-07,9,Estádio Olímpico Nilton Santos,Paulo Henrique Schleinch Vollkopf,30954,39930,Botafogo,Goiás,Luís Castro,Jair Ventura,7,16,16480000,7000000,27,27.6,1,2,1,0,9,2,11,22,19,9,2,4,1,1,16,11,5,5
2022,2022-06-05,9,Estádio Governador Plácido Castelo,Flavio Rodrigues de Souza,27602,60326,Ceará SC,Coritiba FC,Dorival Júnior,Gustavo Morínigo,15,4,9800000,4950000,29.1,27.1,1,1,1,0,5,6,14,9,9,13,4,9,4,1,22,14,6,4
2022,2022-06-05,9,Estádio Alfredo Jaconi ,Jefferson Ferreira Moraes,2573,23726,Juventude,Fluminense,Eduardo Baptista,Fernando Diniz,19,11,7400000,27550000,27.5,30.6,1,0,1,0,5,7,21,10,10,21,1,3,5,1,11,5,3,4
2022,2022-06-05,9,Allianz Parque,Wilton Sampaio,40235,43600,Palmeiras,Atlético-MG,Abel Ferreira,Antonio Mohamed,1,2,68750000,45400000,28.2,29.3,0,0,0,0,6,2,8,19,19,7,3,3,0,4,16,11,10,5
2022,2022-06-06,9,Estádio Nabi Abi Chedid,Wagner do Nascimento Magalhães,3062,13212,RB Bragantino,Internacional,Maurício Barbieri,Mano Menezes,14,12,43650000,39900000,24.9,28.9,0,2,0,0,7,3,20,12,11,19,3,2,2,1,8,9,3,3
2022,2022-06-05,9,Estádio Aderbal Ramos da Silva,Anderson Daronco,11962,17800,Avaí FC,São Paulo,Eduardo Barroca,Rogério Ceni,13,5,5280000,26900000,28.7,28,1,1,0,1,4,7,11,23,23,10,3,5,1,2,17,16,8,5
2022,2022-06-05,9,Estádio Jornalista Mário Filho,Leandro Pedro Vuaden,63795,65346,Flamengo,Fortaleza,Paulo Sousa,Juan Pablo Vojvoda,8,20,74000000,11650000,27,28.7,1,2,1,1,9,3,9,21,20,9,3,2,2,5,10,12,4,5
2022,2022-06-04,9,Estádio Raimundo Sampaio,Raphael Claus,2720,25000,América-MG,Cuiabá-MT,Vagner Mancini,Toni Oliveira,10,17,8550000,10400000,31,28.4,2,1,1,1,8,4,11,11,9,11,1,4,3,4,16,5,7,1
2022,2022-06-05,9,Arena da Baixada,Braulio da Silva Machado,19323,42372,Athletico-PR,Santos,Luiz Felipe Scolari,Fabián Bustos,6,9,32700000,28200000,24.6,25.6,2,2,1,1,7,6,21,11,11,21,1,3,2,0,14,14,7,9
2022,2022-06-05,9,Estádio Antonio Accioly,Bruno Arleu de Araújo,12089,13000,Atlético-GO,Corinthians,,,18,3,7900000,34150000,27.4,28.2,0,1,0,1,9,0,9,11,11,9,0,3,3,0,14,10,4,6
2022,2022-06-09,10,Estádio Urbano Caldeira,Ramon Abatti,8845,20120,Santos,Internacional,Fabián Bustos,Mano Menezes,9,7,26100000,34400000,27.2,29.5,1,1,0,0,10,3,11,15,14,11,5,4,2,1,22,11,11,3
2022,2022-06-10,10,Estádio Governador Plácido Castelo,Bruno Arleu de Araújo,30017,60326,Fortaleza,Goiás,Juan Pablo Vojvoda,Jair Ventura,20,12,13200000,9950000,28.2,28.4,1,1,1,0,6,2,12,18,18,10,1,3,5,2,20,12,9,8
2022,2022-06-10,10,Allianz Parque,Anderson Daronco,33431,43600,Palmeiras,Botafogo,Abel Ferreira,Luís Castro,2,10,83500000,17980000,27.5,27.6,4,0,3,0,7,4,16,14,14,16,3,2,3,0,14,12,5,7
2022,2022-06-08,10,Arena Pantanal,Marcelo de Lima Henrique  ,22129,42968,Cuiabá-MT,Corinthians,Toni Oliveira,Vítor Pereira,18,1,10350000,32500000,28.8,26.5,1,0,1,0,4,3,10,11,10,9,4,3,0,0,11,11,5,6
2022,2022-06-09,10,Estádio Nabi Abi Chedid,Wilton Sampaio,8627,13212,RB Bragantino,Flamengo,Maurício Barbieri,Paulo Sousa,15,11,51300000,81000000,25,25.9,1,0,1,0,5,7,11,16,15,10,3,1,2,1,12,13,8,8
2022,2022-06-09,10,Estádio Alfredo Jaconi ,Luiz Flávio de Oliveira ,3590,23726,Juventude,Athletico-PR,Eduardo Baptista,Luiz Felipe Scolari,17,8,6650000,27700000,26.7,24.9,1,3,1,1,11,5,9,10,10,8,3,3,0,1,18,7,8,0
2022,2022-06-09,10,Estádio Raimundo Sampaio,Douglas Marques Flores,2132,25000,América-MG,Ceará SC,Vagner Mancini,Dorival Júnior,5,16,9350000,10450000,31.6,30,0,2,0,1,4,4,18,20,18,17,1,3,3,0,16,7,9,3
2022,2022-06-10,10,Estádio Major Antônio Couto Pereira,Wagner do Nascimento Magalhães,21521,40502,Coritiba FC,São Paulo,Gustavo Morínigo,Rogério Ceni,4,6,8150000,34400000,26.7,28.3,1,1,0,1,1,10,12,13,12,10,3,1,1,1,11,16,7,5
2022,2022-06-09,10,Estádio Antonio Accioly,Paulo Roberto Alves Júnior,5251,13000,Atlético-GO,Avaí FC,,,19,14,7650000,7430000,27.3,28.7,2,1,1,1,8,6,12,12,11,11,2,3,1,0,13,10,6,6
2022,2022-06-09,10,Estádio Jornalista Mário Filho,Leandro Pedro Vuaden,16143,82238,Fluminense,Atlético-MG,Fernando Diniz,Antonio Mohamed,13,3,26550000,45400000,30.5,29.3,5,3,3,2,1,9,13,15,14,11,3,4,1,3,13,11,1,4
2022,2022-06-13,11,Estádio Governador Plácido Castelo,André Luiz de Freitas Castro,18167,60326,Fortaleza,Athletico-PR,Juan Pablo Vojvoda,Luiz Felipe Scolari,20,3,11650000,25850000,29.2,23.8,0,0,0,0,7,1,13,12,12,11,0,6,1,2,23,7,13,6
2022,2022-06-12,11,Estádio Cícero Pompeu de Toledo,Savio Pereira Sampaio,26847,72039,São Paulo,América-MG,Rogério Ceni,Vagner Mancini,6,9,32400000,9350000,27.2,31.7,1,0,1,0,2,4,14,16,15,14,5,1,2,0,15,11,8,5
2022,2022-06-11,11,Neo Química Arena ,Ramon Abatti,34617,49205,Corinthians,Juventude,,,2,19,33950000,6400000,29.8,28.3,2,0,1,0,4,5,15,12,12,14,2,1,3,4,13,8,7,3
2022,2022-06-12,11,Estádio Governador Magalhães Pinto,Marcelo de Lima Henrique  ,26501,53018,Atlético-MG,Santos,Antonio Mohamed,Fabián Bustos,4,10,59800000,23800000,29.1,25.4,1,1,1,0,5,6,11,16,15,11,5,2,1,2,16,12,8,4
2022,2022-06-12,11,Estádio Beira-Rio,Braulio da Silva Machado,22392,56000,Internacional,Flamengo,Mano Menezes,Dorival Júnior,7,14,39900000,74600000,28.7,30.2,3,1,2,0,4,4,15,14,14,15,2,1,3,1,11,16,4,8
2022,2022-06-12,11,Estádio Serra Dourada,Wagner do Nascimento Magalhães,9011,14525,Goiás,Ceará SC,Jair Ventura,Marquinhos Santos,13,12,11000000,10850000,28.2,29.1,1,1,0,1,2,10,20,14,14,19,5,3,1,3,12,20,6,8
2022,2022-06-14,11,Estádio Olímpico Nilton Santos,Flavio Rodrigues de Souza,12627,46931,Botafogo,Avaí FC,Luís Castro,Eduardo Barroca,15,16,15480000,7180000,27.7,29.4,0,1,0,1,7,1,19,22,21,19,1,7,1,5,21,9,9,4
2022,2022-06-12,11,Arena Pantanal,Paulo Roberto Alves Júnior,4476,42968,Cuiabá-MT,RB Bragantino,Toni Oliveira,Maurício Barbieri,17,11,9800000,49800000,29.6,25,1,1,1,1,5,4,14,15,15,13,3,4,0,0,19,8,7,3
2022,2022-06-12,11,Estádio Major Antônio Couto Pereira,Leandro Pedro Vuaden,27356,40502,Coritiba FC,Palmeiras,Gustavo Morínigo,Abel Ferreira,5,1,5050000,83500000,27,27.5,0,2,0,1,5,6,11,13,13,11,4,4,1,2,11,16,3,6
2022,2022-06-12,11,Estádio Jornalista Mário Filho,Luiz Flávio de Oliveira ,27859,82238,Fluminense,Atlético-GO,,,8,18,26850000,8100000,30.8,27.9,0,2,0,2,10,6,10,13,13,10,6,4,2,3,15,17,5,3
2022,2022-06-16,12,Estádio Olímpico Nilton Santos,Wilton Sampaio,18677,46931,Botafogo,São Paulo,Luís Castro,Rogério Ceni,17,3,29150000,35500000,27.1,27.3,1,0,0,0,3,3,17,17,17,15,2,2,1,4,17,6,11,2
2022,2022-06-16,12,Estádio Jornalista Mário Filho,Savio Pereira Sampaio,43930,78838,Flamengo,Cuiabá-MT,Dorival Júnior,Toni Oliveira,16,18,93800000,9300000,28.8,30.5,2,0,1,0,4,3,17,14,13,17,1,5,3,0,15,6,5,5
2022,2022-06-16,12,Estádio Governador Plácido Castelo,Luiz Flávio de Oliveira ,26774,60326,Ceará SC,Atlético-MG,Marquinhos Santos,Antonio Mohamed,13,6,10400000,50900000,29.3,29.2,0,0,0,0,5,2,14,17,15,13,2,3,1,0,16,14,10,8
2022,2022-06-15,12,Estádio Alfredo Jaconi ,Rodolpho Toski Marques,3025,23726,Juventude,Santos,,,19,11,7250000,26300000,28.7,26.2,1,2,1,0,4,9,19,14,13,19,7,0,0,2,10,18,4,7
2022,2022-06-16,12,Estádio Raimundo Sampaio,Anderson Daronco,2599,25000,América-MG,Fluminense,Vagner Mancini,Fernando Diniz,9,8,9000000,32850000,31.4,29.2,0,0,0,0,3,8,12,9,9,11,3,3,0,1,9,20,3,10
2022,2022-06-16,12,Estádio Nabi Abi Chedid,Marcelo de Lima Henrique  ,2352,13212,RB Bragantino,Coritiba FC,Maurício Barbieri,Gustavo Morínigo,12,7,42500000,7500000,25.2,26.1,4,2,3,0,4,5,14,12,12,13,3,3,1,1,19,16,8,6
2022,2022-06-16,12,Estádio Serra Dourada,Caio Max Augusto Vieira,8892,14525,Goiás,Internacional,Jair Ventura,Mano Menezes,14,4,8750000,39400000,26.3,28,1,2,1,1,8,2,11,14,13,10,6,1,4,0,6,16,2,3
2022,2022-06-17,12,Estádio Aderbal Ramos da Silva,Raphael Claus,8937,17800,Avaí FC,Fortaleza,Eduardo Barroca,Juan Pablo Vojvoda,10,20,8280000,9850000,29,28.4,3,2,2,1,3,4,16,17,16,11,1,1,2,2,12,4,6,1
2022,2022-06-16,12,Allianz Parque,Ramon Abatti,38888,43600,Palmeiras,Atlético-GO,,,1,15,90000000,8100000,27.1,27.9,4,2,4,1,12,4,12,16,15,11,1,8,2,2,28,10,12,5
2022,2022-06-16,12,Arena da Baixada,Leandro Pedro Vuaden,25965,42372,Athletico-PR,Corinthians,Luiz Felipe Scolari,Vítor Pereira,5,2,26900000,38300000,25.1,27.3,1,1,0,1,11,4,12,9,9,12,5,1,3,0,21,11,13,2
2022,2022-06-19,13,Estádio Governador Plácido Castelo,Leandro Pedro Vuaden,17709,60326,Fortaleza,América-MG,Juan Pablo Vojvoda,Vagner Mancini,20,13,12550000,9350000,29.2,30.4,1,0,1,0,5,8,8,5,5,8,4,7,1,5,18,14,7,6
2022,2022-06-19,13,Arena Pantanal,Flavio Rodrigues de Souza,7512,42968,Cuiabá-MT,Ceará SC,Toni Oliveira,Marquinhos Santos,18,15,9150000,9100000,28.8,29.7,0,0,0,0,7,6,15,10,10,15,1,1,1,6,14,8,8,3
2022,2022-06-19,13,Estádio Jornalista Mário Filho,Paulo Roberto Alves Júnior,15530,82238,Fluminense,Avaí FC,Fernando Diniz,Eduardo Barroca,11,7,33850000,7380000,28.6,29.1,2,0,1,0,6,3,8,15,15,7,4,1,1,4,19,9,11,4
2022,2022-06-19,13,Estádio Cícero Pompeu de Toledo,Anderson Daronco,31055,72039,São Paulo,Palmeiras,Rogério Ceni,Abel Ferreira,5,1,33800000,96000000,26.9,26.4,1,2,1,0,3,7,17,9,9,16,4,2,1,2,12,23,6,9
2022,2022-06-19,13,Neo Química Arena ,Braulio da Silva Machado,35900,49205,Corinthians,Goiás,Vítor Pereira,Jair Ventura,2,16,29950000,6750000,28.3,25.8,1,0,1,0,6,4,7,13,12,7,2,2,3,1,17,9,8,5
2022,2022-06-19,13,Estádio Major Antônio Couto Pereira,Luiz Flávio de Oliveira ,22609,40502,Coritiba FC,Athletico-PR,Gustavo Morínigo,Luiz Felipe Scolari,12,4,7100000,19650000,26.6,25.1,0,1,0,0,12,1,12,11,10,11,2,3,3,2,24,10,12,6
2022,2022-06-19,13,Estádio Governador Magalhães Pinto,Raphael Claus,55373,57018,Atlético-MG,Flamengo,Antonio Mohamed,Dorival Júnior,6,10,58400000,95800000,30.4,27.9,2,0,1,0,9,8,18,13,12,18,3,1,1,1,16,10,6,3
2022,2022-06-19,13,Estádio Urbano Caldeira,Douglas Marques Flores,710,20120,Santos,RB Bragantino,Fabián Bustos,Maurício Barbieri,8,9,33100000,43850000,24,24.6,2,2,2,1,3,9,13,18,18,12,5,3,0,0,12,18,2,7
2022,2022-06-19,13,Estádio Antonio Accioly,Marcelo de Lima Henrique  ,4524,13000,Atlético-GO,Juventude,,,17,19,8100000,6550000,27.9,29.5,3,1,0,1,7,2,15,11,11,15,2,3,1,1,26,5,13,1
2022,2022-06-19,13,Estádio Beira-Rio,Savio Pereira Sampaio,26219,56000,Internacional,Botafogo,Mano Menezes,Luís Castro,3,14,41100000,25400000,28.9,26.8,2,3,2,1,7,2,13,13,12,12,3,5,5,3,18,10,8,3
2022,2022-06-26,14,Estádio Serra Dourada,Rodolpho Toski Marques,8871,14525,Goiás,Cuiabá-MT,Jair Ventura,Toni Oliveira,17,18,8150000,9800000,25.9,29.7,1,0,0,0,4,6,14,16,14,14,2,4,2,0,15,13,8,7
2022,2022-06-26,14,Estádio Aderbal Ramos da Silva,Wagner do Nascimento Magalhães,15233,17800,Avaí FC,Palmeiras,Eduardo Barroca,Abel Ferreira,11,1,7380000,57200000,29.1,27.3,2,2,1,0,2,5,18,17,16,16,2,2,0,1,7,15,3,8
2022,2022-06-26,14,Estádio Olímpico Nilton Santos,Anderson Daronco,29791,46931,Botafogo,Fluminense,Luís Castro,Fernando Diniz,7,6,20700000,33850000,27.6,28.6,0,1,0,0,1,6,18,14,13,17,2,1,1,1,9,11,4,6
2022,2022-06-26,14,Estádio Jornalista Mário Filho,Ramon Abatti,42931,78838,Flamengo,América-MG,Dorival Júnior,Vagner Mancini,14,16,90300000,7950000,26.9,31.4,3,0,1,0,7,7,17,13,11,16,5,4,2,1,23,15,10,6
2022,2022-06-26,14,Estádio Cícero Pompeu de Toledo,André Luiz de Freitas Castro,20466,72039,São Paulo,Juventude,Rogério Ceni,Umberto Louzer,9,20,30400000,6600000,29,28.8,0,0,0,0,16,1,15,7,7,15,2,9,0,1,29,4,12,2
2022,2022-06-26,14,Neo Química Arena ,Flavio Rodrigues de Souza,40842,49205,Corinthians,Santos,,,2,8,18450000,30400000,25.2,25.7,0,0,0,0,3,2,20,10,10,18,2,1,0,4,9,7,4,3
2022,2022-06-25,14,Arena da Baixada,Caio Max Augusto Vieira,16327,42372,Athletico-PR,RB Bragantino,Luiz Felipe Scolari,Maurício Barbieri,3,10,17700000,50700000,23.2,25.2,4,2,3,0,5,10,14,11,9,13,4,2,0,3,10,23,1,8
2022,2022-06-25,14,Estádio Beira-Rio,Jefferson Ferreira Moraes,13454,56000,Internacional,Coritiba FC,Mano Menezes,Gustavo Morínigo,5,15,28900000,7300000,28.5,27.2,3,0,2,0,1,9,9,16,14,8,4,5,0,2,15,14,4,5
2022,2022-06-26,14,Estádio Governador Plácido Castelo,Douglas Marques Flores,21337,60326,Ceará SC,Atlético-GO,,,13,12,11050000,7650000,30.3,27.4,1,1,0,1,4,2,16,18,18,16,1,4,0,6,10,7,3,3
2022,2022-06-26,14,Estádio Governador Magalhães Pinto,Jean Pierre Goncalves Lima,30003,57018,Atlético-MG,Fortaleza,Antonio Mohamed,Juan Pablo Vojvoda,4,19,52500000,11350000,26.7,28.5,3,2,0,2,1,3,14,15,14,13,1,4,1,0,17,8,9,3
2022,2022-07-03,15,Estádio Aderbal Ramos da Silva,Jean Pierre Goncalves Lima,13103,17800,Avaí FC,Cuiabá-MT,Eduardo Barroca,Toni Oliveira,11,18,5930000,9900000,28.8,28.6,1,2,1,0,4,4,10,12,12,8,1,2,3,2,12,13,7,6
2022,2022-07-03,15,Estádio Jornalista Mário Filho,Wilton Sampaio,44782,82238,Fluminense,Corinthians,Fernando Diniz,Vítor Pereira,6,2,27550000,19500000,28,25.1,4,0,2,0,6,4,11,12,12,8,2,2,4,0,15,3,4,1
2022,2022-07-03,15,Estádio Raimundo Sampaio,Caio Max Augusto Vieira,2339,25000,América-MG,Goiás,Vagner Mancini,Jair Ventura,17,14,8300000,8750000,29.6,26.9,1,0,0,0,11,3,14,8,7,14,3,4,2,2,21,21,7,10
2022,2022-07-03,15,Estádio Major Antônio Couto Pereira,Felipe Fernandes,20156,40502,Coritiba FC,Fortaleza,Gustavo Morínigo,Juan Pablo Vojvoda,16,20,5450000,9350000,27.8,27.2,2,1,1,0,2,6,11,22,22,11,6,2,1,1,11,22,4,8
2022,2022-07-03,15,Estádio Nabi Abi Chedid,Ramon Abatti,4509,13212,RB Bragantino,Botafogo,Maurício Barbieri,Luís Castro,12,10,44200000,33500000,25.2,25.6,0,1,0,0,9,4,11,19,19,10,0,6,6,0,18,9,7,6
2022,2022-07-03,15,Estádio Urbano Caldeira,Anderson Daronco,12464,20120,Santos,Flamengo,Fabián Bustos,Dorival Júnior,7,9,37200000,55300000,25.3,27.5,1,2,0,1,7,3,15,13,13,15,4,6,2,0,15,11,5,4
2022,2022-07-03,15,Estádio Governador Plácido Castelo,Rodolpho Toski Marques,23283,60326,Ceará SC,Internacional,Marquinhos Santos,Mano Menezes,15,4,8950000,23850000,27.6,25.1,1,1,1,1,3,2,24,20,20,24,4,3,3,0,9,12,3,4
2022,2022-07-02,15,Estádio Alfredo Jaconi ,Flavio Rodrigues de Souza,6565,23726,Juventude,Atlético-MG,Umberto Louzer,Antonio Mohamed,19,5,6750000,48500000,29.5,29.1,1,2,0,1,6,6,11,11,11,11,2,2,1,0,17,8,8,2
2022,2022-07-03,15,Allianz Parque,Braulio da Silva Machado,39192,43600,Palmeiras,Athletico-PR,Abel Ferreira,Luiz Felipe Scolari,1,3,87500000,21650000,27.8,23.7,0,2,0,1,9,2,12,15,15,10,2,7,0,0,35,13,21,3
2022,2022-07-03,15,Estádio Antonio Accioly,Wagner do Nascimento Magalhães,12089,13000,Atlético-GO,São Paulo,,,13,8,7550000,35600000,27.2,26.9,1,2,1,1,3,0,9,20,20,7,0,2,2,1,11,8,6,3
2022,2022-07-10,16,Estádio Serra Dourada,Raphael Claus,9044,14525,Goiás,Athletico-PR,Jair Ventura,Luiz Felipe Scolari,17,2,7700000,21350000,27.2,23.9,2,1,2,0,2,2,15,10,10,14,3,1,0,3,11,20,6,10
2022,2022-07-10,16,Estádio Urbano Caldeira,Braulio da Silva Machado,8588,20120,Santos,Atlético-GO,,,10,16,28600000,6700000,27.5,27.7,1,0,0,0,9,10,13,18,16,13,4,4,0,0,19,15,6,6
2022,2022-07-10,16,Estádio Governador Plácido Castelo,Wilton Sampaio,24888,60326,Fortaleza,Palmeiras,Juan Pablo Vojvoda,Abel Ferreira,20,1,12900000,78500000,28.5,27.9,0,0,0,0,2,6,9,15,15,8,5,6,1,2,12,12,4,2
2022,2022-07-11,16,Arena Pantanal,Jefferson Ferreira Moraes,14719,42968,Cuiabá-MT,Botafogo,Toni Oliveira,Luís Castro,18,9,9250000,26180000,28.5,27.6,2,0,1,0,5,2,7,11,11,6,2,4,2,2,14,6,4,3
2022,2022-07-10,16,Estádio Jornalista Mário Filho,Luiz Flávio de Oliveira ,63707,65398,Fluminense,Ceará SC,Fernando Diniz,Marquinhos Santos,6,15,26350000,10250000,28.4,30.4,2,1,1,0,9,10,16,17,17,16,5,4,0,2,18,17,8,4
2022,2022-07-10,16,Neo Química Arena ,Ramon Abatti,44055,49205,Corinthians,Flamengo,Vítor Pereira,Dorival Júnior,4,8,32450000,63000000,28.2,25.6,1,0,0,0,6,3,7,12,11,7,4,2,3,1,7,12,5,4
2022,2022-07-10,16,Estádio Governador Magalhães Pinto,Anderson Daronco,52356,57018,Atlético-MG,São Paulo,Antonio Mohamed,Rogério Ceni,3,7,59000000,26600000,28.4,27.7,0,0,0,0,7,4,12,16,15,12,2,2,2,0,11,6,6,2
2022,2022-07-12,16,Estádio Beira-Rio,Flavio Rodrigues de Souza,19023,56000,Internacional,América-MG,Mano Menezes,Vagner Mancini,5,13,27000000,9300000,30.3,29.3,1,0,0,0,13,2,5,8,7,5,7,3,2,2,21,9,11,1
2022,2022-07-09,16,Estádio Nabi Abi Chedid,Marcelo de Lima Henrique  ,3162,13212,RB Bragantino,Avaí FC,Maurício Barbieri,Eduardo Barroca,14,11,44200000,11900000,25.2,28.4,4,0,0,0,19,7,5,6,5,5,2,8,1,0,37,8,11,3
2022,2022-07-10,16,Estádio Major Antônio Couto Pereira,Bruno Arleu de Araújo,20235,40502,Coritiba FC,Juventude,Gustavo Morínigo,Umberto Louzer,12,19,6250000,5900000,27.2,28.6,2,2,0,2,11,7,19,11,9,18,4,0,0,0,19,15,10,5
2022,2022-07-17,17,Estádio Aderbal Ramos da Silva,Paulo Roberto Alves Júnior,8674,17800,Avaí FC,Santos,Eduardo Barroca,Marcelo Fernandes,16,8,7800000,28200000,29.9,27.6,1,0,1,0,6,8,17,12,10,17,2,3,3,1,14,6,6,1
2022,2022-07-17,17,Estádio Olímpico Nilton Santos,Raphael Claus,8678,46931,Botafogo,Atlético-MG,Luís Castro,Antonio Mohamed,10,4,16750000,64400000,27.1,29.9,0,1,0,0,6,2,21,18,17,21,1,2,1,3,14,15,5,6
2022,2022-07-17,17,Estádio Nacional de Brasília Mané Garrincha,Flavio Rodrigues de Souza,33778,78838,Flamengo,Coritiba FC,Dorival Júnior,Gustavo Morínigo,9,14,54600000,5600000,26.8,29.4,2,0,2,0,8,6,13,11,9,13,0,2,0,1,17,17,8,7
2022,2022-07-17,17,Estádio Alfredo Jaconi ,Vinicius Gonçalves Dias Araujo,4406,23726,Juventude,Goiás,Umberto Louzer,Jair Ventura,19,12,5700000,8450000,28.7,26.2,0,0,0,0,7,4,16,16,14,14,2,3,1,2,23,16,12,11
2022,2022-07-19,17,Allianz Parque,Anderson Daronco,39033,43600,Palmeiras,Cuiabá-MT,Abel Ferreira,Toni Oliveira,1,13,96500000,8750000,26.5,28.5,1,0,0,0,11,4,17,12,10,17,1,8,3,1,16,6,5,3
2022,2022-07-16,17,Arena da Baixada,Ramon Abatti,21402,42372,Athletico-PR,Internacional,Luiz Felipe Scolari,Mano Menezes,6,3,28200000,25600000,24.7,26.5,0,0,0,0,5,5,7,13,12,6,3,5,4,2,17,17,8,10
2022,2022-07-17,17,Estádio Antonio Accioly,Jean Pierre Goncalves Lima,7262,13000,Atlético-GO,Fortaleza,,,18,20,7850000,12600000,28,28.5,0,1,0,0,5,6,7,9,8,7,4,3,1,0,15,9,9,2
2022,2022-07-17,17,Estádio Governador Plácido Castelo,Leandro Pedro Vuaden,28683,60326,Ceará SC,Corinthians,Marquinhos Santos,Vítor Pereira,17,2,9550000,34850000,30.5,26.7,3,1,2,1,6,2,18,5,5,18,3,4,2,1,18,11,6,5
2022,2022-07-17,17,Estádio Cícero Pompeu de Toledo,Wilton Sampaio,47141,72039,São Paulo,Fluminense,Rogério Ceni,Fernando Diniz,7,5,28500000,22250000,26.7,28.6,2,2,2,1,5,3,17,7,6,16,1,0,5,1,6,15,3,6
2022,2022-07-18,17,Estádio Raimundo Sampaio,Wagner do Nascimento Magalhães,1920,25000,América-MG,RB Bragantino,Vagner Mancini,Maurício Barbieri,15,11,6900000,43200000,29.4,24.3,0,3,0,3,10,4,8,18,17,7,2,4,2,1,25,16,14,7
2022,2022-07-21,18,Estádio Urbano Caldeira,Ramon Abatti,8453,20120,Santos,Botafogo,Marcelo Fernandes,Luís Castro,10,11,35800000,21400000,25.2,26.8,2,0,1,0,4,4,15,18,18,14,10,5,2,2,16,23,7,6
2022,2022-07-21,18,Estádio Nacional de Brasília Mané Garrincha,Paulo Cesar Zanovelli,65392,72838,Flamengo,Juventude,Mário Jorge,Umberto Louzer,7,20,84300000,5900000,29.2,28.8,4,0,3,0,5,4,14,13,12,11,2,7,2,1,27,8,5,5
2022,2022-07-20,18,Estádio Governador Plácido Castelo,Caio Max Augusto Vieira,37567,60326,Ceará SC,Avaí FC,Marquinhos Santos,Eduardo Barroca,14,12,10050000,9300000,30.8,29.1,1,0,1,0,3,3,17,14,11,15,2,4,1,1,14,16,8,8
2022,2022-07-22,18,Arena Pantanal,Jean Pierre Goncalves Lima,18584,42968,Cuiabá-MT,Atlético-MG,Toni Oliveira,Antonio Mohamed,15,2,9750000,67000000,28.1,27.6,1,1,0,0,4,2,7,10,10,7,3,5,1,1,16,7,6,1
2022,2022-07-22,18,Estádio Raimundo Sampaio,Braulio da Silva Machado,6462,25000,América-MG,Palmeiras,Vagner Mancini,Abel Ferreira,17,1,10900000,78000000,29.6,27.7,0,1,0,0,7,7,16,6,6,16,4,3,1,2,15,17,8,9
2022,2022-07-21,18,Neo Química Arena ,Wagner do Nascimento Magalhães,39852,49205,Corinthians,Coritiba FC,Vítor Pereira,Gustavo Morínigo,3,16,53600000,8750000,27.4,29.8,3,1,1,0,9,2,16,15,13,16,3,3,1,1,19,8,4,4
2022,2022-07-21,18,Arena da Baixada,Bruno Arleu de Araújo,22426,42372,Athletico-PR,Atlético-GO,,,6,18,28200000,7000000,24.7,27.6,4,1,2,0,3,2,15,8,8,14,3,5,2,1,15,15,4,9
2022,2022-07-21,18,Estádio Nabi Abi Chedid,Diego Pombo Lopez,4048,13212,RB Bragantino,Fortaleza,Maurício Barbieri,Juan Pablo Vojvoda,8,19,43200000,12350000,24.3,28.6,2,1,1,0,4,9,14,18,16,13,2,5,1,1,14,10,5,4
2022,2022-07-21,18,Estádio Serra Dourada,Paulo Roberto Alves Júnior,11974,14525,Goiás,Fluminense,Jair Ventura,Fernando Diniz,13,5,8280000,26350000,26.9,28.4,2,3,1,1,2,3,19,9,6,18,7,3,2,0,15,17,7,4
2022,2022-07-21,18,Estádio Beira-Rio,Marcelo de Lima Henrique  ,32804,56000,Internacional,São Paulo,Mano Menezes,Rogério Ceni,4,9,23000000,22400000,28.9,25.2,3,3,3,2,4,3,11,10,10,11,1,4,3,4,15,8,7,4
2022,2022-07-24,19,Estádio Aderbal Ramos da Silva,Raphael Claus,17557,17800,Avaí FC,Flamengo,Eduardo Barroca,Dorival Júnior,13,7,8550000,95300000,28.8,28,1,2,0,0,6,5,19,19,18,19,5,3,1,0,13,19,6,5
2022,2022-07-24,19,Estádio Olímpico Nilton Santos,Anderson Daronco,8105,46931,Botafogo,Athletico-PR,Luís Castro,Luiz Felipe Scolari,12,5,15080000,22200000,28,25.8,2,0,1,0,2,11,16,15,15,16,4,4,0,3,17,16,10,5
2022,2022-07-24,19,Estádio Governador Plácido Castelo,Wilton Sampaio,19902,60326,Fortaleza,Santos,Juan Pablo Vojvoda,Lisca,19,9,13850000,25400000,29.3,26.4,0,0,0,0,7,5,11,11,11,11,2,2,3,1,27,11,13,5
2022,2022-07-24,19,Estádio Alfredo Jaconi ,Felipe Fernandes,4445,23726,Juventude,Ceará SC,Umberto Louzer,Marquinhos Santos,20,11,5800000,9550000,28.7,30.5,1,0,0,0,8,3,20,14,13,19,4,6,1,1,13,17,2,9
2022,2022-07-24,19,Allianz Parque,Bruno Arleu de Araújo,38658,43600,Palmeiras,Internacional,Abel Ferreira,Mano Menezes,1,6,84000000,29300000,27.4,27.3,2,1,1,0,12,5,12,15,14,11,4,7,4,1,18,11,7,2
2022,2022-07-24,19,Estádio General Sylvio Raulino de Oliveira,André Luiz de Freitas Castro,9877,17238,Fluminense,RB Bragantino,Fernando Diniz,Maurício Barbieri,4,8,24350000,30750000,29.1,23.5,2,1,0,0,9,5,11,20,18,11,1,5,2,4,24,5,11,3
2022,2022-07-26,19,Estádio Major Antônio Couto Pereira,Braulio da Silva Machado,19181,40502,Coritiba FC,Cuiabá-MT,Gustavo Morínigo,Toni Oliveira,16,15,6500000,9750000,29.3,27.7,1,0,1,0,4,4,16,12,11,14,0,1,0,1,4,8,1,6
2022,2022-07-24,19,Estádio Governador Magalhães Pinto,Ramon Abatti,55706,,Atlético-MG,Corinthians,Lucas Gonçalves,Vítor Pereira,3,2,64400000,50850000,29.9,27.7,1,2,1,0,5,0,11,12,11,11,1,5,2,0,14,7,5,3
2022,2022-07-24,19,Estádio Antonio Accioly,Jean Pierre Goncalves Lima,5098,13000,Atlético-GO,América-MG,,,18,17,8150000,6050000,27.4,28.6,0,1,0,1,6,3,4,12,11,2,2,6,2,2,23,10,10,5
2022,2022-07-24,19,Estádio Cícero Pompeu de Toledo,Caio Max Augusto Vieira,39393,72039,São Paulo,Goiás,Rogério Ceni,Jair Ventura,10,14,34700000,7430000,25.4,26.9,3,3,2,2,6,3,7,11,10,7,6,1,0,3,20,13,10,2
2022,2022-07-30,20,Estádio Serra Dourada,Wagner do Nascimento Magalhães,11267,14525,Goiás,Coritiba FC,Jair Ventura,Gustavo Morínigo,14,13,10000000,8200000,27,29.7,1,0,0,0,3,7,18,11,11,18,3,3,1,3,18,20,10,10
2022,2022-08-02,20,Estádio Urbano Caldeira,Braulio da Silva Machado,11943,20120,Santos,Fluminense,Lisca,Fernando Diniz,9,3,25500000,27000000,27.6,28.3,2,2,1,0,5,5,14,13,12,14,5,1,2,0,10,12,5,3
2022,2022-07-31,20,Estádio Jornalista Mário Filho,Caio Max Augusto Vieira,59999,78838,Flamengo,Atlético-GO,,,6,18,53300000,9700000,27.9,26.7,4,1,4,0,6,3,12,16,14,12,0,2,1,0,16,5,8,2
2022,2022-07-31,20,Neo Química Arena ,Jean Pierre Goncalves Lima,42797,49205,Corinthians,Botafogo,Vítor Pereira,Luís Castro,2,11,34950000,27280000,27.3,27.1,1,0,1,0,3,3,6,5,5,4,3,2,0,0,15,9,10,4
2022,2022-07-31,20,Arena da Baixada,Marcelo de Lima Henrique  ,26492,42372,Athletico-PR,São Paulo,Luiz Felipe Scolari,Rogério Ceni,5,10,23050000,23400000,25.3,26.1,1,0,0,0,6,5,15,13,11,14,2,3,1,1,10,12,3,6
2022,2022-07-31,20,Estádio Beira-Rio,Flavio Rodrigues de Souza,39451,56000,Internacional,Atlético-MG,Mano Menezes,Cuca,7,4,33400000,59900000,28.1,30.1,3,0,3,0,1,7,13,12,10,13,5,0,1,1,9,21,3,10
2022,2022-08-01,20,Estádio Nabi Abi Chedid,Bruno Arleu de Araújo,3236,13212,RB Bragantino,Juventude,Maurício Barbieri,Umberto Louzer,8,19,54200000,6600000,24.5,28.3,1,0,1,0,7,5,11,15,15,11,3,4,2,1,23,9,12,3
2022,2022-07-31,20,Arena Pantanal,Paulo Cesar Zanovelli,9567,42968,Cuiabá-MT,Fortaleza,Toni Oliveira,Juan Pablo Vojvoda,17,20,14000000,12500000,27,30,0,1,0,1,10,3,11,10,9,11,1,5,0,0,19,7,8,3
2022,2022-07-31,20,Estádio Raimundo Sampaio,Vinicius Gonçalves Dias Araujo,2215,25000,América-MG,Avaí FC,Vagner Mancini,Eduardo Barroca,15,16,7350000,13250000,29.9,27.7,3,1,1,1,7,7,15,17,15,15,2,3,0,2,18,10,9,4
2022,2022-07-30,20,Estádio Governador Plácido Castelo,Anderson Daronco,40912,60326,Ceará SC,Palmeiras,Marquinhos Santos,Abel Ferreira,12,1,9850000,87000000,29.6,27.7,1,2,0,2,6,5,14,11,10,13,5,6,0,5,12,16,2,5
2022,2022-08-07,21,Estádio Aderbal Ramos da Silva,Wilton Sampaio,12648,17800,Avaí FC,Corinthians,Eduardo Barroca,Vítor Pereira,16,2,7730000,35450000,30.3,29.4,1,1,1,0,,,,,,,,,,,,,,
2022,2022-08-06,21,Estádio Olímpico Nilton Santos,Raphael Claus,21657,46931,Botafogo,Ceará SC,Luís Castro,Marquinhos Santos,12,14,21180000,10450000,28.1,29.8,1,1,1,0,,,,,,,,,,,,,,
2022,2022-08-07,21,Estádio Governador Plácido Castelo,Wagner do Nascimento Magalhães,39253,60326,Fortaleza,Internacional,Juan Pablo Vojvoda,Mano Menezes,18,6,13000000,30550000,29.6,25.6,3,0,1,0,7,5,12,15,14,11,2,4,1,0,16,8,4,4
2022,2022-08-07,21,Allianz Parque,Jean Pierre Goncalves Lima,38801,43600,Palmeiras,Goiás,Abel Ferreira,Jair Ventura,1,11,68000000,11500000,27,26,3,0,2,0,5,4,12,10,9,12,2,5,3,1,19,8,9,5
2022,2022-08-07,21,Estádio Jornalista Mário Filho,Flavio Rodrigues de Souza,46323,82238,Fluminense,Cuiabá-MT,Fernando Diniz,Toni Oliveira,3,17,19350000,11700000,30.6,28.2,1,0,1,0,11,6,11,14,14,10,1,4,1,2,10,8,4,2
2022,2022-08-09,21,Estádio Major Antônio Couto Pereira,Paulo Cesar Zanovelli,22691,40502,Coritiba FC,Santos,Gustavo Morínigo,Lisca,15,9,8300000,27200000,29.9,26.8,1,2,0,0,6,7,23,10,10,23,3,1,0,2,15,17,8,6
2022,2022-08-07,21,Estádio Antonio Accioly,Marielson Alves Silva,5930,13000,Atlético-GO,RB Bragantino,,,19,8,8650000,54200000,26.2,24.5,2,1,0,0,,,,,,,,,,,,,,
2022,2022-08-08,21,Estádio Governador Magalhães Pinto,Braulio da Silva Machado,25119,57018,Atlético-MG,Athletico-PR,Cuca,Luiz Felipe Scolari,7,4,62500000,16200000,28.3,23.6,2,3,1,0,11,2,10,14,13,10,2,6,0,1,21,10,6,2
2022,2022-08-06,21,Estádio Alfredo Jaconi ,Edina Alves Batista,3524,23726,Juventude,América-MG,Umberto Louzer,Vagner Mancini,20,13,6000000,9900000,28.4,30.3,0,1,0,1,,,,,,,,,,,,,,
2022,2022-08-07,21,Estádio Cícero Pompeu de Toledo,Ramon Abatti,45217,72039,São Paulo,Flamengo,Rogério Ceni,Dorival Júnior,10,5,35500000,53300000,29.3,27.9,0,2,0,1,,,,,,,,,,,,,,
2022,2022-08-14,22,Estádio Olímpico Nilton Santos,Edina Alves Batista,12230,46931,Botafogo,Atlético-GO,,,12,19,20580000,7700000,28.8,28.5,0,0,0,0,8,3,18,10,7,17,2,5,0,3,14,11,5,7
2022,2022-08-14,22,Estádio Jornalista Mário Filho,Wilton Sampaio,64378,78838,Flamengo,Athletico-PR,Dorival Júnior,Luiz Felipe Scolari,5,4,56800000,15400000,27,23.8,5,0,0,0,12,4,13,14,13,12,3,8,0,1,19,5,1,1
2022,2022-08-14,22,Arena Pantanal,Marielson Alves Silva,6909,42968,Cuiabá-MT,Juventude,Toni Oliveira,Umberto Louzer,18,20,11200000,7100000,28,27.8,1,0,1,0,5,4,14,14,13,14,3,3,4,2,13,5,6,2
2022,2022-08-14,22,Estádio Cícero Pompeu de Toledo,Paulo Cesar Zanovelli,31358,72039,São Paulo,RB Bragantino,Rogério Ceni,Maurício Barbieri,11,8,28500000,42350000,28.7,25.2,3,0,1,0,13,4,17,10,8,16,4,1,4,1,16,11,8,6
2022,2022-08-14,22,Estádio Raimundo Sampaio,Paulo Roberto Alves Júnior,2978,25000,América-MG,Santos,Vagner Mancini,Lisca,10,9,10150000,27200000,29.2,26.8,1,0,1,0,6,6,16,9,9,15,2,4,1,1,16,11,8,5
2022,2022-08-14,22,Neo Química Arena ,Raphael Claus,44966,49205,Corinthians,Palmeiras,Vítor Pereira,Abel Ferreira,2,1,57100000,86500000,26.4,27.3,0,1,0,0,5,3,15,10,8,13,3,4,1,4,14,9,5,5
2022,2022-08-14,22,Estádio Major Antônio Couto Pereira,Marcelo de Lima Henrique  ,17608,40502,Coritiba FC,Atlético-MG,Gustavo Morínigo,Cuca,15,7,8900000,67900000,29.3,29.3,0,1,0,0,1,9,7,20,17,6,6,2,0,0,7,19,5,10
2022,2022-08-15,22,Estádio Beira-Rio,Ramon Abatti,14824,56000,Internacional,Fluminense,Mano Menezes,Fernando Diniz,6,3,31700000,27550000,27,28.1,3,0,1,0,6,5,21,12,11,20,0,2,1,2,15,7,5,1
2022,2022-08-13,22,Estádio Serra Dourada,Flavio Rodrigues de Souza,10831,14525,Goiás,Avaí FC,Jair Ventura,Eduardo Barroca,13,16,7330000,8050000,27.3,31.1,1,1,0,1,6,2,13,10,10,12,2,1,1,2,17,13,11,8
2022,2022-08-14,22,Estádio Governador Plácido Castelo,Jean Pierre Goncalves Lima,33355,60326,Ceará SC,Fortaleza,Marquinhos Santos,Juan Pablo Vojvoda,14,17,9550000,12000000,28.6,30,0,1,0,1,4,8,9,13,10,9,5,3,2,1,13,12,5,4
2022,2022-08-21,23,Estádio Urbano Caldeira,Wilton Sampaio,12598,20120,Santos,São Paulo,Lisca,Rogério Ceni,10,11,40400000,26250000,26.6,28.6,1,0,1,0,5,9,12,9,8,11,6,4,1,0,13,18,5,8
2022,2022-08-23,23,Estádio Aderbal Ramos da Silva,Edina Alves Batista,13911,17800,Avaí FC,Internacional,Eduardo Barroca,Mano Menezes,17,6,8030000,30250000,31.3,26.8,0,1,0,0,8,4,15,9,9,12,4,2,0,0,10,13,5,4
2022,2022-08-21,23,Estádio Governador Plácido Castelo,Leandro Pedro Vuaden,44338,60326,Fortaleza,Corinthians,Juan Pablo Vojvoda,Vítor Pereira,15,3,10350000,40500000,28.6,25.7,1,0,0,0,4,7,14,7,7,13,1,3,0,0,13,7,7,6
2022,2022-08-21,23,Estádio Alfredo Jaconi ,Raphael Claus,3095,23726,Juventude,Botafogo,Umberto Louzer,Luís Castro,20,12,6900000,18400000,28.9,29.3,2,2,1,0,2,4,19,11,11,17,7,3,2,3,12,19,5,7
2022,2022-08-21,23,Estádio Jornalista Mário Filho,Paulo Cesar Zanovelli,24029,82238,Fluminense,Coritiba FC,Fernando Diniz,Guto Ferreira,4,18,34400000,4900000,27.9,26.6,5,2,2,0,11,3,13,13,13,13,1,1,1,3,15,7,5,1
2022,2022-08-21,23,Arena da Baixada,Savio Pereira Sampaio,15023,42372,Athletico-PR,América-MG,Luiz Felipe Scolari,Vagner Mancini,5,8,36400000,8100000,27,30.6,1,1,1,0,2,7,10,10,9,9,2,9,2,2,18,12,8,8
2022,2022-08-21,23,Estádio Antonio Accioly,Anderson Daronco,4578,13000,Atlético-GO,Cuiabá-MT,,,19,16,7000000,13650000,27.9,27.2,1,1,1,0,3,17,14,8,8,14,7,1,1,4,7,23,3,8
2022,2022-08-20,23,Estádio Governador Magalhães Pinto,Vinicius Gonçalves Dias Araujo,31650,57018,Atlético-MG,Goiás,Cuca,Jair Ventura,7,13,66900000,10150000,29.7,27.3,0,1,0,0,7,0,10,13,12,10,2,7,0,2,28,5,16,2
2022,2022-08-21,23,Estádio Nabi Abi Chedid,Bruno Arleu de Araújo,2488,13212,RB Bragantino,Ceará SC,Maurício Barbieri,Juca,9,14,49700000,11250000,25.7,29.7,1,1,0,0,10,2,22,16,14,21,1,10,1,2,28,8,10,4
2022,2022-08-21,23,Allianz Parque,Ramon Abatti,40485,43600,Palmeiras,Flamengo,Abel Ferreira,Dorival Júnior,1,2,95500000,61500000,28.3,26.4,1,1,0,1,10,4,11,16,15,11,4,2,1,0,20,11,11,4
2022,2022-08-27,24,Estádio Serra Dourada,Marcelo de Lima Henrique  ,13411,14525,Goiás,Atlético-GO,,,11,19,9680000,7450000,28,28.3,2,1,1,0,3,3,14,9,9,13,1,4,1,1,15,10,6,5
2022,2022-08-28,24,Estádio Olímpico Nilton Santos,Flavio Rodrigues de Souza,14442,46931,Botafogo,Flamengo,Luís Castro,Dorival Júnior,14,3,18400000,72400000,29.3,27.4,0,1,0,0,3,4,19,14,13,18,0,4,0,2,14,6,8,3
2022,2022-08-28,24,Estádio Governador Plácido Castelo,Vinicius Gonçalves Dias Araujo,16754,60326,Ceará SC,Athletico-PR,Juca,Luiz Felipe Scolari,15,6,11500000,22250000,29.2,23.5,0,0,0,0,9,3,9,15,15,8,1,4,1,1,19,8,12,5
2022,2022-08-28,24,Arena Pantanal,Jean Pierre Goncalves Lima,19136,42968,Cuiabá-MT,Santos,Toni Oliveira,Lisca,16,8,9150000,31000000,28.7,27.9,0,0,0,0,14,2,13,6,6,12,1,7,0,4,21,7,6,3
2022,2022-08-30,24,Neo Química Arena ,Wilton Sampaio,36228,49205,Corinthians,RB Bragantino,Vítor Pereira,Maurício Barbieri,4,10,57500000,47700000,28.1,25.7,1,0,1,0,5,5,12,8,7,12,5,3,1,5,14,15,5,6
2022,2022-08-27,24,Estádio Major Antônio Couto Pereira,Savio Pereira Sampaio,17597,40502,Coritiba FC,Avaí FC,Guto Ferreira,Eduardo Barroca,18,17,9100000,5280000,28.6,31.9,1,0,0,0,4,5,14,14,14,14,2,2,0,2,12,12,6,5
2022,2022-08-30,24,Estádio Beira-Rio,Bruno Arleu de Araújo,16518,56000,Internacional,Juventude,Mano Menezes,Umberto Louzer,5,20,33500000,7000000,27.1,28.4,4,0,2,0,10,1,4,10,10,3,1,9,0,0,24,7,5,4
2022,2022-08-28,24,Estádio Jornalista Mário Filho,Braulio da Silva Machado,45084,82238,Fluminense,Palmeiras,Fernando Diniz,Abel Ferreira,2,1,31600000,95500000,28.9,28.3,1,1,1,1,3,3,16,16,16,15,1,2,0,2,17,8,10,3
2022,2022-08-28,24,Estádio Cícero Pompeu de Toledo,Paulo Cesar Zanovelli,30210,72039,São Paulo,Fortaleza,Rogério Ceni,Juan Pablo Vojvoda,12,13,40000000,11850000,25,30,0,1,0,1,7,2,10,10,10,9,0,8,1,4,15,5,5,3
2022,2022-08-28,24,Estádio Raimundo Sampaio,Ramon Abatti,7016,25000,América-MG,Atlético-MG,Vagner Mancini,Cuca,9,7,7450000,61700000,30.7,29.9,1,1,1,1,6,1,23,14,12,20,3,4,0,1,9,16,3,10
2022,2022-09-03,25,Estádio Alfredo Jaconi ,Diego Pombo Lopez,2708,23726,Juventude,Avaí FC,Umberto Louzer,Eduardo Barroca,20,18,5680000,11500000,28.9,28.7,1,1,0,0,7,3,18,15,14,18,1,6,1,4,20,9,6,6
2022,2022-09-05,25,Arena Pantanal,Wagner do Nascimento Magalhães,33050,42968,Cuiabá-MT,São Paulo,Toni Oliveira,Rogério Ceni,17,13,11950000,23500000,28.4,26.9,1,1,1,0,7,5,18,9,9,16,1,3,5,4,12,10,6,6
2022,2022-09-04,25,Estádio Raimundo Sampaio,Dyorgines Jose Padovani,2840,25000,América-MG,Coritiba FC,Vagner Mancini,Guto Ferreira,9,16,10550000,9300000,28.3,27.4,2,0,1,0,4,5,19,8,8,18,2,8,0,4,25,11,7,5
2022,2022-09-04,25,Arena da Baixada,Flavio Rodrigues de Souza,14037,42372,Athletico-PR,Fluminense,Luiz Felipe Scolari,Fernando Diniz,6,3,15450000,26600000,25.2,29.6,1,0,1,0,6,3,15,7,7,15,3,1,1,0,7,12,4,7
2022,2022-09-06,25,Estádio Urbano Caldeira,Anderson Daronco,11497,20120,Santos,Goiás,Lisca,Jair Ventura,8,10,40400000,9680000,26.7,28,1,2,0,1,13,2,8,16,16,8,2,7,1,0,24,9,12,3
2022,2022-09-04,25,Estádio Jornalista Mário Filho,Paulo Cesar Zanovelli,64387,78838,Flamengo,Ceará SC,Mário Jorge,Lucho González,2,15,63900000,10450000,29,30.5,1,1,0,1,12,7,12,19,17,11,0,5,0,2,15,6,4,4
2022,2022-09-04,25,Neo Química Arena ,Braulio da Silva Machado,41423,49205,Corinthians,Internacional,Vítor Pereira,Mano Menezes,4,5,49300000,33500000,29.8,27.1,2,2,2,1,2,8,10,14,14,10,2,2,2,1,12,14,3,7
2022,2022-09-04,25,Estádio Antonio Accioly,Luiz Flávio de Oliveira ,7083,13000,Atlético-GO,Atlético-MG,Eduardo Baptista,Cuca,19,7,8750000,52200000,27.9,30.8,0,2,0,1,5,3,12,6,6,11,5,2,1,3,12,12,7,3
2022,2022-09-04,25,Estádio Nabi Abi Chedid,Raphael Claus,9685,13212,RB Bragantino,Palmeiras,Maurício Barbieri,Abel Ferreira,11,1,48200000,69300000,25.4,26,2,2,2,1,2,11,14,12,12,13,2,0,2,3,11,11,7,6
2022,2022-09-04,25,Estádio Governador Plácido Castelo,Ramon Abatti,54505,60326,Fortaleza,Botafogo,Juan Pablo Vojvoda,Luís Castro,12,14,12350000,21100000,30.3,29.9,1,3,0,2,5,9,15,14,13,14,6,3,2,1,15,17,7,4
2022,2022-09-11,26,Estádio Serra Dourada,Ramon Abatti,13798,14525,Goiás,Flamengo,Jair Ventura,Dorival Júnior,9,2,9680000,50500000,28,28.5,1,1,0,0,4,9,14,13,12,13,5,3,1,0,7,15,1,4
2022,2022-09-11,26,Estádio Aderbal Ramos da Silva,Paulo Cesar Zanovelli,9487,17800,Avaí FC,Athletico-PR,Eduardo Barroca,Luiz Felipe Scolari,18,6,7500000,36400000,32.1,26.8,1,1,1,0,7,2,17,20,18,16,1,2,1,1,15,9,4,5
2022,2022-09-11,26,Estádio Olímpico Nilton Santos,Jose Mendonça,32285,46931,Botafogo,América-MG,Luís Castro,Vagner Mancini,13,8,22300000,7450000,29.7,30.8,0,0,0,0,6,11,11,20,20,11,2,5,1,3,20,12,11,4
2022,2022-09-10,26,Estádio Governador Plácido Castelo,Braulio da Silva Machado,38339,60326,Ceará SC,Santos,Lucho González,Lisca,15,10,10450000,40000000,29.1,27.2,2,1,2,0,3,5,24,17,17,24,3,2,4,2,8,10,1,3
2022,2022-09-11,26,Allianz Parque,Jefferson Ferreira Moraes,39337,43600,Palmeiras,Juventude,Abel Ferreira,Umberto Louzer,1,20,87500000,6800000,28.2,28.9,2,1,0,0,14,3,6,15,14,6,0,7,3,1,23,6,11,3
2022,2022-09-11,26,Estádio Jornalista Mário Filho,Paulo Roberto Alves Júnior,26533,82238,Fluminense,Fortaleza,Fernando Diniz,Juan Pablo Vojvoda,5,12,33300000,11850000,28.8,30,2,1,1,0,5,6,7,19,19,7,2,4,5,6,15,11,5,5
2022,2022-09-11,26,Estádio Major Antônio Couto Pereira,Vinicius Gonçalves Dias Araujo,15046,40502,Coritiba FC,Atlético-GO,Guto Ferreira,Eduardo Baptista,17,19,11350000,7200000,28,27.3,2,0,1,0,7,8,16,11,10,16,4,3,1,2,13,15,4,4
2022,2022-09-10,26,Estádio Beira-Rio,Maguielson Lima Barbosa,30719,56000,Internacional,Cuiabá-MT,Mano Menezes,Toni Oliveira,4,16,36000000,12000000,27.2,28.5,1,0,0,0,4,3,16,14,13,16,0,2,2,0,16,1,7,1
2022,2022-09-11,26,Estádio Cícero Pompeu de Toledo,Marcelo de Lima Henrique  ,46444,72039,São Paulo,Corinthians,Rogério Ceni,Vítor Pereira,14,3,23100000,59000000,27.7,27,1,1,1,1,3,7,11,14,14,10,6,2,1,3,13,18,6,6
2022,2022-09-11,26,Estádio Governador Magalhães Pinto,Jean Pierre Goncalves Lima,34941,57018,Atlético-MG,RB Bragantino,Cuca,Maurício Barbieri,7,11,70000000,49700000,27.8,24.8,1,1,1,1,7,5,8,10,10,7,1,5,1,1,21,6,9,3
2022,2022-09-17,27,Estádio Aderbal Ramos da Silva,André Luiz de Freitas Castro,5081,17800,Avaí FC,Atlético-MG,Lisca,Cuca,18,7,13100000,42500000,30.5,28.7,1,0,0,0,2,10,15,20,18,12,2,3,2,1,9,13,2,8
2022,2022-09-18,27,Estádio Olímpico Nilton Santos,Paulo Cesar Zanovelli,15080,46931,Botafogo,Coritiba FC,Luís Castro,Guto Ferreira,12,16,20400000,9900000,29.6,27.3,2,0,0,0,5,10,12,17,17,12,2,2,1,3,12,18,5,6
2022,2022-09-18,27,Allianz Parque,Wilton Sampaio,40337,43600,Palmeiras,Santos,Abel Ferreira,Orlando Ribeiro,1,10,87500000,39500000,28.2,26.3,1,0,0,0,8,5,12,12,10,12,3,2,1,1,19,16,4,11
2022,2022-09-18,27,Estádio Raimundo Sampaio,Bruno Arleu de Araújo,6416,25000,América-MG,Corinthians,Vagner Mancini,Vítor Pereira,8,5,6350000,35100000,31,24.8,1,0,0,0,4,8,14,12,12,13,3,6,2,1,16,11,5,4
2022,2022-09-18,27,Estádio Nabi Abi Chedid,Jose Mendonça,3984,13212,RB Bragantino,Goiás,Maurício Barbieri,Jair Ventura,11,9,51200000,9380000,24.8,27.4,1,1,1,0,5,2,14,16,16,14,1,5,0,0,21,5,13,1
2022,2022-09-18,27,Estádio Jornalista Mário Filho,Raphael Claus,55170,78838,Flamengo,Fluminense,Dorival Júnior,Fernando Diniz,3,4,83000000,33800000,29.3,28.2,1,2,0,1,6,2,12,10,10,11,2,5,4,0,18,12,9,5
2022,2022-09-18,27,Estádio Governador Plácido Castelo,Maguielson Lima Barbosa,43000,60326,Ceará SC,São Paulo,Lucho González,Rogério Ceni,14,13,10450000,33500000,31.4,27.6,0,2,0,1,4,10,15,11,11,14,5,1,0,0,8,21,6,8
2022,2022-09-18,27,Estádio Alfredo Jaconi ,Dyorgines Jose Padovani,2144,23726,Juventude,Fortaleza,Umberto Louzer,Juan Pablo Vojvoda,20,15,7300000,13950000,28.3,29.9,1,1,0,1,14,2,14,17,17,14,1,6,1,1,18,11,8,10
2022,2022-09-19,27,Arena da Baixada,Anderson Daronco,16524,42372,Athletico-PR,Cuiabá-MT,Luiz Felipe Scolari,Toni Oliveira,6,17,30850000,6200000,24.7,28.9,2,2,2,1,8,4,9,10,8,9,3,1,2,2,17,11,8,4
2022,2022-09-20,27,Estádio Antonio Accioly,Edina Alves Batista,5185,13000,Atlético-GO,Internacional,Eduardo Baptista,Mano Menezes,19,2,7150000,27950000,27.4,28.4,1,2,0,2,10,2,19,13,10,18,2,3,0,1,19,13,13,7
2022,2022-09-29,28,Estádio Serra Dourada,Luiz Flávio de Oliveira ,10774,14525,Goiás,Botafogo,Jair Ventura,Luís Castro,9,10,10750000,27400000,28.3,29.3,0,1,0,0,6,11,16,14,11,16,5,1,2,1,6,17,2,9
2022,2022-09-28,28,Estádio Urbano Caldeira,Braulio da Silva Machado,7464,20120,Santos,Athletico-PR,Orlando Ribeiro,Luiz Felipe Scolari,11,6,45400000,27000000,26.6,27.3,2,0,1,0,5,4,19,21,19,19,3,3,1,2,11,14,5,7
2022,2022-09-29,28,Arena Pantanal,Dyorgines Jose Padovani,3364,42968,Cuiabá-MT,América-MG,Toni Oliveira,Vagner Mancini,18,8,9650000,7450000,28.4,30.7,2,1,1,0,2,4,13,14,13,11,7,1,2,1,11,18,5,8
2022,2022-09-29,28,Estádio Jornalista Mário Filho,Edina Alves Batista,23396,82238,Fluminense,Juventude,Fernando Diniz,Umberto Louzer,3,20,32550000,7300000,29.3,28.7,4,0,2,0,5,5,5,9,7,5,3,2,2,3,21,10,9,2
2022,2022-09-26,28,Estádio Cícero Pompeu de Toledo,Bruno Arleu de Araújo,36510,72039,São Paulo,Avaí FC,Rogério Ceni,Lisca,13,17,32500000,14050000,28.6,29.4,4,0,3,0,9,4,13,8,8,13,2,2,1,1,17,7,7,4
2022,2022-09-29,28,Estádio Major Antônio Couto Pereira,Raphael Claus,14735,40502,Coritiba FC,Ceará SC,Guto Ferreira,Lucho González,16,15,11550000,12550000,27.4,30.1,1,0,1,0,7,3,12,9,9,11,3,3,3,3,14,12,7,5
2022,2022-09-29,28,Estádio Governador Magalhães Pinto,Marcelo de Lima Henrique  ,28644,57018,Atlético-MG,Palmeiras,Cuca,Abel Ferreira,7,1,45400000,50500000,30.3,28.8,0,1,0,0,7,9,11,13,11,11,2,3,2,3,16,10,10,4
2022,2022-09-29,28,Estádio Beira-Rio,Wagner do Nascimento Magalhães,17945,56000,Internacional,RB Bragantino,Mano Menezes,Maurício Barbieri,2,12,23500000,49700000,28.9,25.8,0,0,0,0,6,3,14,15,12,14,5,6,2,0,12,12,5,4
2022,2022-09-29,28,Neo Química Arena ,Leandro Pedro Vuaden,32398,49205,Corinthians,Atlético-GO,Vítor Pereira,Eduardo Baptista,5,19,49300000,7150000,28.8,27.8,2,1,1,1,5,4,5,14,14,4,4,6,1,0,19,11,8,4
2022,2022-09-29,28,Estádio Governador Plácido Castelo,Flavio Rodrigues de Souza,46299,60326,Fortaleza,Flamengo,Juan Pablo Vojvoda,Dorival Júnior,14,4,17000000,54150000,28.2,26.5,3,2,1,2,7,3,15,15,15,15,1,5,3,0,20,7,6,3
2022,2022-10-02,29,Estádio Jornalista Mário Filho,Anderson Daronco,46698,78838,Flamengo,RB Bragantino,Mário Jorge,Maurício Barbieri,5,13,82500000,49700000,29.2,25.8,4,1,1,0,10,1,7,6,6,7,2,5,0,1,23,5,7,1
2022,2022-10-21,29,Estádio Cícero Pompeu de Toledo,Flavio Rodrigues de Souza,14993,72039,São Paulo,Coritiba FC,Rogério Ceni,Guto Ferreira,12,15,31000000,13200000,27.5,26.9,3,1,1,0,5,3,11,12,10,11,3,5,6,2,20,13,8,6
2022,2022-10-02,29,Neo Química Arena ,Caio Max Augusto Vieira,37445,49205,Corinthians,Cuiabá-MT,Vítor Pereira,Toni Oliveira,4,17,60500000,11050000,26.8,28.6,2,0,2,0,7,4,11,6,6,11,4,4,1,2,15,9,2,3
2022,2022-10-02,29,Arena da Baixada,Maguielson Lima Barbosa,14403,42372,Athletico-PR,Juventude,Luiz Felipe Scolari,Umberto Louzer,6,20,31650000,5980000,25.9,26.1,2,0,1,0,11,2,12,11,10,11,1,4,0,0,17,6,7,2
2022,2022-10-01,29,Estádio Governador Magalhães Pinto,Luiz Flávio de Oliveira ,20858,57018,Atlético-MG,Fluminense,Cuca,Fernando Diniz,7,2,50400000,27100000,29.5,29.5,2,0,1,0,10,1,16,4,3,16,2,3,1,3,14,5,6,2
2022,2022-10-01,29,Estádio Beira-Rio,Ramon Abatti,30858,56000,Internacional,Santos,Mano Menezes,Orlando Ribeiro,3,10,24550000,48900000,27.3,26.2,1,0,1,0,2,5,7,13,13,6,2,2,3,1,9,11,5,4
2022,2022-10-02,29,Estádio Serra Dourada,Raphael Claus,9898,14525,Goiás,Fortaleza,Jair Ventura,Juan Pablo Vojvoda,11,14,11880000,14250000,27.8,30.4,0,1,0,1,6,3,11,15,13,10,3,3,3,2,12,14,7,6
2022,2022-10-02,29,Estádio Aderbal Ramos da Silva,Flavio Rodrigues de Souza,8062,17800,Avaí FC,Atlético-GO,Lisca,Eduardo Souza,18,19,12030000,7150000,28.9,27.8,1,2,0,1,11,3,7,13,11,6,1,3,2,0,20,9,9,5
2022,2022-10-02,29,Estádio Governador Plácido Castelo,Edina Alves Batista,13976,60326,Ceará SC,América-MG,Lucho González,Vagner Mancini,16,8,11000000,7900000,29.2,31.6,1,2,0,1,5,4,15,23,22,15,2,3,0,1,16,11,8,5
2022,2022-10-04,29,Estádio Olímpico Nilton Santos,Wilton Sampaio,16545,46931,Botafogo,Palmeiras,Luís Castro,Abel Ferreira,9,1,24600000,83500000,28.2,29,1,3,1,2,2,6,16,14,12,15,2,1,1,6,10,12,7,5
2022,2022-10-06,30,Estádio Urbano Caldeira,Bruno Arleu de Araújo,9278,20120,Santos,Atlético-MG,Orlando Ribeiro,Cuca,12,7,49800000,56000000,26,28.7,1,2,0,0,5,4,18,18,18,18,1,4,4,1,10,12,4,3
2022,2022-10-07,30,Estádio Aderbal Ramos da Silva,Paulo Cesar Zanovelli,6097,17800,Avaí FC,Botafogo,Lisca,Luís Castro,18,11,10580000,22400000,30,30.3,1,2,1,0,3,5,17,20,19,17,4,1,2,1,6,14,0,4
2022,2022-10-06,30,Estádio Jornalista Mário Filho,Flavio Rodrigues de Souza,43710,78838,Flamengo,Internacional,Dorival Júnior,Mano Menezes,5,2,83000000,28450000,29.4,28,0,0,0,0,11,3,13,8,8,12,6,6,0,2,21,16,7,5
2022,2022-10-06,30,Estádio Governador Plácido Castelo,Vinicius Gonçalves Dias Araujo,16702,60326,Ceará SC,Goiás,Lucho González,Jair Ventura,16,13,10750000,12180000,30.2,28,1,1,0,0,7,3,19,24,23,18,4,5,1,0,14,16,5,7
2022,2022-10-07,30,Allianz Parque,Braulio da Silva Machado,39877,43600,Palmeiras,Coritiba FC,Abel Ferreira,Guto Ferreira,1,15,83500000,14400000,28.3,26.6,4,0,2,0,9,6,16,13,12,15,3,7,4,0,19,11,6,3
2022,2022-10-05,30,Estádio Alfredo Jaconi ,Wagner do Nascimento Magalhães,3159,23726,Juventude,Corinthians,Lucas Zanella,Vítor Pereira,20,4,6100000,47300000,27.5,28.8,2,2,0,1,2,5,9,7,6,8,4,0,1,1,17,12,8,5
2022,2022-10-07,30,Estádio Raimundo Sampaio,Ramon Abatti,3916,25000,América-MG,São Paulo,Vagner Mancini,Rogério Ceni,8,9,7300000,31350000,31.5,29.7,1,2,1,1,3,3,13,13,11,13,3,3,0,1,13,18,7,8
2022,2022-10-06,30,Arena da Baixada,Rafael Rodrigo Klein,15646,42372,Athletico-PR,Fortaleza,Luiz Felipe Scolari,Juan Pablo Vojvoda,6,10,25650000,16450000,27.1,30.3,1,1,0,1,13,4,11,10,10,11,1,3,1,0,21,9,11,6
2022,2022-10-06,30,Estádio Nabi Abi Chedid,Jefferson Ferreira Moraes,2703,13212,RB Bragantino,Cuiabá-MT,Maurício Barbieri,Toni Oliveira,14,17,39200000,8550000,24.9,27.3,2,1,1,1,2,7,14,10,9,14,3,3,1,0,14,13,7,6
2022,2022-10-06,30,Estádio Antonio Accioly,Anderson Daronco,6075,13000,Atlético-GO,Fluminense,Eduardo Souza,Fernando Diniz,19,3,7150000,34050000,27.4,28.9,3,2,1,2,12,5,16,13,12,16,3,7,4,1,29,13,12,4
2022,2022-10-11,31,Estádio Urbano Caldeira,Jose Mendonça,9171,20120,Santos,Juventude,Orlando Ribeiro,Lucas Zanella,14,20,41600000,5750000,25.8,27.9,4,1,1,0,3,8,13,10,10,12,2,4,0,1,19,16,8,10
2022,2022-10-09,31,Estádio Governador Plácido Castelo,Luiz Flávio de Oliveira ,40968,60326,Fortaleza,Avaí FC,Juan Pablo Vojvoda,Lisca,11,19,14950000,10400000,30.1,28.5,2,0,0,0,3,6,16,11,11,15,2,3,1,0,16,10,8,5
2022,2022-10-09,31,Arena Pantanal,Raphael Claus,40059,42968,Cuiabá-MT,Flamengo,Toni Oliveira,Mário Jorge,17,5,8150000,38550000,28.4,28.6,1,2,0,0,7,6,14,11,11,14,3,4,1,2,21,17,6,9
2022,2022-10-09,31,Estádio Cícero Pompeu de Toledo,Jean Pierre Goncalves Lima,23918,72039,São Paulo,Botafogo,Rogério Ceni,Luís Castro,8,10,31350000,21600000,29,30.5,0,1,0,0,10,4,16,8,8,15,0,2,4,3,8,7,3,4
2022,2022-10-09,31,Neo Química Arena ,Anderson Daronco,38649,49205,Corinthians,Athletico-PR,Vítor Pereira,Luiz Felipe Scolari,4,6,42000000,41000000,26.1,24.3,2,1,2,0,5,6,10,16,15,10,3,1,4,0,7,19,1,8
2022,2022-10-10,31,Estádio Antonio Accioly,Bruno Arleu de Araújo,12089,13000,Atlético-GO,Palmeiras,Eduardo Souza,Abel Ferreira,18,1,8200000,84500000,28.2,28.7,1,1,0,0,4,9,15,8,8,14,5,1,1,1,10,17,5,6
2022,2022-10-09,31,Estádio Governador Magalhães Pinto,Flavio Rodrigues de Souza,34718,57018,Atlético-MG,Ceará SC,Cuca,Lucho González,7,15,50400000,9350000,29.4,30.3,0,0,0,0,16,0,12,18,16,11,2,2,3,1,16,5,6,2
2022,2022-10-09,31,Estádio Major Antônio Couto Pereira,Ramon Abatti,18066,40502,Coritiba FC,RB Bragantino,Guto Ferreira,Maurício Barbieri,16,12,14400000,36200000,26.6,23.8,2,1,1,1,5,8,7,12,12,7,3,0,2,2,6,17,0,9
2022,2022-10-09,31,Estádio Jornalista Mário Filho,Leandro Pedro Vuaden,23324,82238,Fluminense,América-MG,Fernando Diniz,Vagner Mancini,3,9,33800000,5750000,28.3,30.1,0,2,0,2,8,7,8,18,18,8,6,10,4,4,22,18,4,7
2022,2022-10-09,31,Estádio Beira-Rio,Edina Alves Batista,31554,56000,Internacional,Goiás,Mano Menezes,Jair Ventura,2,13,28050000,12400000,27.4,27.2,4,2,2,2,6,6,15,23,21,14,6,7,0,0,20,16,5,6
2022,2022-10-29,32,Estádio Serra Dourada,Bruno Arleu de Araújo,9497,14525,Goiás,Corinthians,Jair Ventura,Vítor Pereira,14,3,12830000,53500000,26.1,25.9,0,0,0,0,2,4,11,11,11,10,2,2,2,1,12,21,6,10
2022,2022-10-16,32,Estádio Olímpico Nilton Santos,Braulio da Silva Machado,24445,46931,Botafogo,Internacional,Luís Castro,Mano Menezes,9,2,21400000,35050000,29.9,28.1,0,1,0,0,3,4,15,13,12,15,0,4,1,3,12,11,4,3
2022,2022-10-16,32,Estádio Jornalista Mário Filho,Ramon Abatti,51179,78838,Flamengo,Atlético-MG,Dorival Júnior,Cuca,4,7,58000000,59000000,25.9,29.4,1,0,1,0,0,10,12,12,12,12,3,3,0,1,7,13,2,9
2022,2022-10-16,32,Estádio Governador Plácido Castelo,Caio Max Augusto Vieira,41242,60326,Ceará SC,Cuiabá-MT,Lucho González,Toni Oliveira,16,17,9850000,6400000,31,29.8,1,1,0,0,10,7,11,20,20,11,1,3,3,1,22,11,15,7
2022,2022-10-16,32,Estádio Alfredo Jaconi ,Felipe Fernandes,1489,23726,Juventude,Atlético-GO,Lucas Zanella,Eduardo Souza,20,18,5900000,7150000,27.1,27.8,1,1,0,0,7,4,10,19,19,9,2,5,0,1,19,8,6,4
2022,2022-10-16,32,Allianz Parque,Flavio Rodrigues de Souza,40795,43600,Palmeiras,São Paulo,Abel Ferreira,Rogério Ceni,1,10,78000000,29950000,28.6,28,0,0,0,0,15,3,9,14,12,9,1,8,2,0,19,5,6,3
2022,2022-10-16,32,Arena da Baixada,Jean Pierre Goncalves Lima,29599,42372,Athletico-PR,Coritiba FC,Luiz Felipe Scolari,Guto Ferreira,6,15,37400000,14100000,26.9,26.4,1,0,0,0,10,4,21,11,10,18,4,6,3,0,15,15,3,6
2022,2022-10-18,32,Estádio Nabi Abi Chedid,Paulo Cesar Zanovelli,6705,13212,RB Bragantino,Santos,Maurício Barbieri,Orlando Ribeiro,13,12,41700000,43600000,24.2,24.8,0,2,0,0,15,2,21,11,11,18,1,3,1,1,19,9,9,4
2022,2022-10-16,32,Estádio Raimundo Sampaio,Vinicius Gonçalves Dias Araujo,2863,25000,América-MG,Fortaleza,Vagner Mancini,Juan Pablo Vojvoda,8,11,4950000,14350000,29.4,29.4,1,2,0,1,4,8,10,24,23,10,2,6,1,1,19,9,5,3
2022,2022-10-17,32,Estádio Aderbal Ramos da Silva,Anderson Daronco,0,17800,Avaí FC,Fluminense,Lisca,Fernando Diniz,19,5,10550000,26600000,29.5,29.6,0,3,0,2,9,5,12,15,14,11,4,3,2,1,15,17,11,8
2022,2022-10-23,33,Estádio Urbano Caldeira,Flavio Rodrigues de Souza,12872,20120,Santos,Corinthians,Orlando Ribeiro,Vítor Pereira,12,4,39000000,58800000,25.4,26.2,0,1,0,0,7,4,15,11,10,12,1,2,1,0,12,8,4,2
2022,2022-10-25,33,Estádio Governador Plácido Castelo,Raphael Claus,43660,60326,Fortaleza,Atlético-MG,Juan Pablo Vojvoda,Cuca,9,7,14550000,51000000,30.6,27.8,0,0,0,0,2,11,22,10,10,22,3,0,3,0,4,9,3,4
2022,2022-10-23,33,Allianz Parque,Bruno Arleu de Araújo,40044,43600,Palmeiras,Avaí FC,Abel Ferreira,Lisca,1,19,83500000,9350000,29.1,29.3,3,0,1,0,9,7,12,7,7,12,2,6,3,0,22,10,11,7
2022,2022-10-23,33,Estádio Major Antônio Couto Pereira,Wagner do Nascimento Magalhães,18485,40502,Coritiba FC,Internacional,Guto Ferreira,Mano Menezes,15,2,10600000,29050000,27.4,28.5,1,1,1,0,7,6,16,10,10,16,2,0,3,2,12,11,7,3
2022,2022-10-23,33,Estádio Antonio Accioly,Luiz Flávio de Oliveira ,10166,13000,Atlético-GO,Ceará SC,Eduardo Souza,Lucho González,18,16,7150000,9450000,27.8,31.4,1,0,1,0,4,5,20,13,12,20,2,4,1,3,12,12,2,9
2022,2022-10-22,33,Estádio Nabi Abi Chedid,Caio Max Augusto Vieira,3011,13212,RB Bragantino,Athletico-PR,Maurício Barbieri,Luiz Felipe Scolari,14,6,36500000,36900000,23.5,26,4,2,3,0,4,4,16,13,13,16,2,2,1,0,11,9,3,3
2022,2022-10-23,33,Estádio Alfredo Jaconi ,Paulo Roberto Alves Júnior,3204,23726,Juventude,São Paulo,Lucas Zanella,Rogério Ceni,20,10,5900000,30500000,27.1,27,1,2,1,1,5,6,6,10,10,6,4,2,2,1,13,13,8,3
2022,2022-10-23,33,Estádio Jornalista Mário Filho,Ramon Abatti,36033,82238,Fluminense,Botafogo,Fernando Diniz,Luís Castro,5,11,33300000,31100000,28.8,29.5,2,2,0,1,9,2,15,11,10,15,3,5,3,2,18,12,8,5
2022,2022-10-23,33,Arena Pantanal,Dyorgines Jose Padovani,8871,42968,Cuiabá-MT,Goiás,Toni Oliveira,Jair Ventura,17,13,8950000,12700000,29.1,27,1,2,0,2,6,4,11,16,16,9,1,3,2,5,24,5,12,1
2022,2022-10-23,33,Estádio Raimundo Sampaio,Jean Pierre Goncalves Lima,9626,25000,América-MG,Flamengo,Vagner Mancini,Dorival Júnior,8,3,8300000,56900000,32.2,25.9,1,2,1,2,4,11,17,10,10,17,4,2,1,3,9,15,6,5
2022,2022-10-27,34,Estádio Serra Dourada,Wagner do Nascimento Magalhães,7274,14525,Goiás,América-MG,Jair Ventura,Vagner Mancini,13,9,12800000,8150000,26.9,31.2,2,2,0,0,3,8,14,23,22,12,3,3,1,0,12,16,4,8
2022,2022-10-27,34,Estádio Olímpico Nilton Santos,Dyorgines Jose Padovani,11093,46931,Botafogo,RB Bragantino,Luís Castro,Maurício Barbieri,11,14,22600000,35700000,29.7,24,2,1,1,0,5,4,12,12,12,11,0,5,1,2,18,5,4,3
2022,2022-10-26,34,Estádio Jornalista Mário Filho,André Luiz de Freitas Castro,44679,78838,Flamengo,Santos,Dorival Júnior,Orlando Ribeiro,3,12,59350000,40100000,28.8,25.1,3,2,1,0,7,2,14,16,16,14,2,9,1,2,19,8,4,3
2022,2022-10-28,34,Estádio Governador Plácido Castelo,Flavio Rodrigues de Souza,22341,60326,Fortaleza,Coritiba FC,Juan Pablo Vojvoda,Guto Ferreira,10,15,15700000,12600000,29.6,27.3,3,1,1,0,3,3,15,12,12,14,6,4,1,1,14,16,6,5
2022,2022-10-28,34,Arena Pantanal,Luiz Flávio de Oliveira ,4680,42968,Cuiabá-MT,Avaí FC,,,18,19,8850000,8830000,28.6,30.7,1,0,0,0,10,6,15,11,10,14,8,2,0,1,11,13,5,5
2022,2022-10-28,34,Estádio Cícero Pompeu de Toledo,Bruno Arleu de Araújo,17598,72039,São Paulo,Atlético-GO,Rogério Ceni,Eduardo Souza,8,17,27300000,6350000,27.8,27.5,2,1,1,0,4,7,10,12,12,9,7,0,2,0,13,19,6,9
2022,2022-10-26,34,Arena da Baixada,Braulio da Silva Machado,20502,42372,Athletico-PR,Palmeiras,Luiz Felipe Scolari,Abel Ferreira,6,1,17750000,84500000,23.9,28.7,1,3,1,0,0,9,7,10,7,6,2,0,0,2,11,17,5,7
2022,2022-10-28,34,Estádio Governador Magalhães Pinto,Savio Pereira Sampaio,18298,56018,Atlético-MG,Juventude,Cuca,Lucas Zanella,7,20,44500000,6650000,29.5,28.5,1,0,1,0,3,4,13,13,13,13,4,2,3,3,14,9,8,4
2022,2022-10-27,34,Neo Química Arena ,Leandro Pedro Vuaden,37920,49205,Corinthians,Fluminense,Vítor Pereira,Fernando Diniz,4,5,38300000,33300000,29.9,28.8,0,2,0,1,6,3,16,9,9,16,4,5,1,1,14,15,5,7
2022,2022-10-27,34,Estádio Beira-Rio,Ramon Abatti,10544,56000,Internacional,Ceará SC,Mano Menezes,Lucho González,2,16,31300000,9200000,29.3,29.9,2,1,0,1,5,5,8,15,13,8,2,4,2,0,21,13,8,6
2022,2022-11-02,35,Estádio Aderbal Ramos da Silva,Wagner do Nascimento Magalhães,3022,17800,Avaí FC,RB Bragantino,Fabrício Bento,Maurício Barbieri,19,14,9150000,43200000,28.9,25.3,1,2,0,0,2,7,17,17,15,17,4,0,0,0,8,12,6,6
2022,2022-11-01,35,Estádio Governador Plácido Castelo,Raphael Claus,0,60326,Ceará SC,Fluminense,Juca,Fernando Diniz,17,4,9550000,30800000,29.6,29.6,0,1,0,0,4,7,11,8,8,11,4,3,2,2,14,17,6,10
2022,2022-11-02,35,Estádio Alfredo Jaconi ,Marcelo de Lima Henrique  ,3412,23726,Juventude,Coritiba FC,Celso Roth,Guto Ferreira,20,15,6650000,11950000,27.5,26.8,0,1,0,0,4,4,11,18,17,11,5,2,0,3,10,20,5,12
2022,2022-11-03,35,Allianz Parque,Wilton Sampaio,29104,43600,Palmeiras,Fortaleza,Abel Ferreira,Juan Pablo Vojvoda,1,9,98500000,15250000,27.5,30.5,4,0,2,0,4,2,11,16,15,11,3,5,3,2,18,8,5,3
2022,2022-11-02,35,Estádio Raimundo Sampaio,Bruno Arleu de Araújo,3474,25000,América-MG,Internacional,Vagner Mancini,Mano Menezes,11,2,8750000,35050000,31.3,28.1,1,0,0,0,6,8,7,11,11,7,3,4,1,2,17,13,6,6
2022,2022-11-01,35,Estádio Olímpico Nilton Santos,Jean Pierre Goncalves Lima,16365,46931,Botafogo,Cuiabá-MT,Luís Castro,Toni Oliveira,10,16,22600000,8150000,29.8,29.3,0,2,0,1,11,3,4,18,18,4,3,5,0,1,23,13,11,7
2022,2022-11-03,35,Estádio Jornalista Mário Filho,Ramon Abatti,60369,78838,Flamengo,Corinthians,Dorival Júnior,Vítor Pereira,3,5,55000000,52300000,26.4,26.9,1,2,0,1,6,0,9,14,14,9,4,2,1,1,15,7,8,0
2022,2022-11-02,35,Estádio Cícero Pompeu de Toledo,Braulio da Silva Machado,23835,72039,São Paulo,Atlético-MG,Rogério Ceni,Cuca,8,7,32500000,51500000,28.1,29.1,2,2,2,1,7,6,10,16,16,9,1,2,2,2,12,9,2,2
2022,2022-11-02,35,Arena da Baixada,Leandro Pedro Vuaden,13664,42372,Athletico-PR,Goiás,Luiz Felipe Scolari,Jair Ventura,6,13,34950000,10050000,26.3,27.3,3,2,3,1,5,6,6,11,10,5,1,3,0,0,16,12,10,7
2022,2022-11-02,35,Estádio Antonio Accioly,Anderson Daronco,9090,13000,Atlético-GO,Santos,Eduardo Souza,Orlando Ribeiro,18,12,8400000,43100000,27.9,26.3,2,3,2,1,4,7,15,10,10,15,3,4,4,0,22,9,10,0
2022,2022-11-05,36,Estádio Serra Dourada,Edina Alves Batista,10480,14525,Goiás,Juventude,Jair Ventura,Celso Roth,14,20,13050000,5900000,27.3,27.7,1,0,0,0,5,8,15,22,21,15,2,0,1,0,8,14,3,8
2022,2022-11-05,36,Arena Barueri,Caio Max Augusto Vieira,18686,32500,Santos,Avaí FC,Orlando Ribeiro,Fabrício Bento,12,19,41700000,5500000,26.1,27.9,1,1,1,0,9,4,14,13,12,14,5,4,1,0,9,15,3,6
2022,2022-11-06,36,Arena Pantanal,Braulio da Silva Machado,22448,42968,Cuiabá-MT,Palmeiras,Toni Oliveira,Abel Ferreira,16,1,8150000,82300000,29.3,27,1,1,1,0,4,9,13,8,6,13,11,3,2,3,12,28,5,8
2022,2022-11-06,36,Neo Química Arena ,Bruno Arleu de Araújo,41335,49205,Corinthians,Ceará SC,Vítor Pereira,Juca,5,17,47500000,9100000,27.4,30.6,1,0,0,0,9,11,10,12,12,9,4,2,4,2,15,12,7,4
2022,2022-11-06,36,Estádio Major Antônio Couto Pereira,Raphael Claus,33304,40502,Coritiba FC,Flamengo,Guto Ferreira,Dorival Júnior,15,3,11950000,57400000,26.8,27.5,1,0,0,0,5,8,13,11,10,12,1,3,0,3,9,13,4,7
2022,2022-11-08,36,Estádio Governador Magalhães Pinto,Leandro Pedro Vuaden,31160,56018,Atlético-MG,Botafogo,Cuca,Luís Castro,7,11,40700000,31100000,31.4,29.3,0,2,0,0,6,2,10,19,19,10,0,1,5,2,11,8,8,5
2022,2022-11-06,36,Estádio Beira-Rio,Flavio Rodrigues de Souza,11226,56000,Internacional,Athletico-PR,Mano Menezes,Luiz Felipe Scolari,2,6,27750000,35150000,27.5,26,2,0,0,0,10,5,5,20,19,5,1,3,1,1,11,14,4,11
2022,2022-11-06,36,Estádio Governador Plácido Castelo,Luiz Flávio de Oliveira ,44810,60326,Fortaleza,Atlético-GO,Juan Pablo Vojvoda,Eduardo Souza,10,18,14450000,8500000,30.1,26.1,1,1,0,1,11,3,9,12,11,8,5,5,2,1,18,13,7,6
2022,2022-11-05,36,Estádio Jornalista Mário Filho,Anderson Daronco,41558,82238,Fluminense,São Paulo,Fernando Diniz,Rogério Ceni,4,8,30800000,32500000,29.6,28.2,3,1,0,1,8,3,16,16,16,16,3,5,1,2,18,8,4,2
2022,2022-11-05,36,Estádio Nabi Abi Chedid,Marcelo de Lima Henrique  ,2722,13212,RB Bragantino,América-MG,Maurício Barbieri,Vagner Mancini,13,9,40700000,7450000,24.9,31.5,1,4,1,3,5,3,17,9,7,17,4,3,3,1,13,13,6,2
2022,2022-11-09,37,Estádio Aderbal Ramos da Silva,Luiz Flávio de Oliveira ,2025,17800,Avaí FC,Ceará SC,Fabrício Bento,Juca,19,18,4900000,9850000,27.9,30.8,2,0,0,0,6,6,17,21,21,15,3,1,2,1,14,15,7,9
2022,2022-11-11,37,Estádio Olímpico Nilton Santos,Braulio da Silva Machado,28139,46931,Botafogo,Santos,Luís Castro,Orlando Ribeiro,10,12,22100000,43300000,27.4,26.3,3,0,1,0,3,4,15,17,16,15,0,4,6,1,14,4,3,4
2022,2022-11-10,37,Estádio Governador Plácido Castelo,Ramon Abatti,38268,60326,Fortaleza,RB Bragantino,Juan Pablo Vojvoda,Maurício Barbieri,11,14,13650000,27400000,29.3,22.4,6,0,4,0,7,0,17,12,11,17,1,7,1,0,25,4,3,3
2022,2022-11-09,37,Estádio Jornalista Mário Filho,Paulo Cesar Zanovelli,35410,82238,Fluminense,Goiás,Fernando Diniz,Jair Ventura,3,13,28900000,11830000,28.7,27.3,3,0,0,0,11,3,10,11,9,10,1,6,6,3,23,9,6,6
2022,2022-11-10,37,Estádio Antonio Accioly,Jean Pierre Goncalves Lima,4185,13000,Atlético-GO,Athletico-PR,Eduardo Souza,Luiz Felipe Scolari,17,6,8300000,37000000,26.8,26,1,1,0,0,7,4,8,12,10,8,3,6,1,0,26,12,11,6
2022,2022-11-11,37,Estádio Governador Magalhães Pinto,Bruno Arleu de Araújo,28824,56018,Atlético-MG,Cuiabá-MT,Cuca,Toni Oliveira,8,16,40200000,9950000,31.6,27.7,3,0,2,0,3,5,12,11,11,12,1,4,1,1,14,6,3,3
2022,2022-11-10,37,Estádio Alfredo Jaconi ,Rodrigo Jose Pereira de Lima,5231,23726,Juventude,Flamengo,Celso Roth,Dorival Júnior,20,5,5650000,61500000,26.6,25,2,2,2,1,2,4,17,14,14,16,1,2,0,0,11,10,6,6
2022,2022-11-10,37,Allianz Parque,Savio Pereira Sampaio,28721,43600,Palmeiras,América-MG,Abel Ferreira,Vagner Mancini,1,7,96300000,8750000,27.2,31.3,2,1,1,1,10,3,11,11,11,11,1,7,1,2,26,6,11,4
2022,2022-11-09,37,Estádio Cícero Pompeu de Toledo,Wagner do Nascimento Magalhães,19692,72039,São Paulo,Internacional,Rogério Ceni,Mano Menezes,9,2,36600000,28050000,26.5,27.5,0,1,0,1,7,2,11,12,12,11,2,1,2,2,10,8,3,4
2022,2022-11-09,37,Estádio Major Antônio Couto Pereira,Marcelo de Lima Henrique  ,30049,40502,Coritiba FC,Corinthians,Guto Ferreira,Vítor Pereira,15,4,12250000,52700000,26.7,26.7,2,2,2,1,5,7,15,8,7,15,1,3,1,1,13,9,6,3
2022,2022-11-13,38,Estádio Urbano Caldeira,Wagner do Nascimento Magalhães,11565,20120,Santos,Fortaleza,Orlando Ribeiro,Juan Pablo Vojvoda,12,10,43500000,14150000,25.7,29.2,0,2,0,0,5,7,17,14,14,16,4,3,0,2,14,13,7,5
2022,2022-11-13,38,Estádio Governador Plácido Castelo,Paulo Henrique Schleinch Vollkopf,0,60326,Ceará SC,Juventude,Juca,Celso Roth,18,20,6250000,4150000,26,24.1,4,1,2,0,8,3,16,16,14,16,3,5,1,0,23,9,9,5
2022,2022-11-13,38,Arena Pantanal,Flavio Rodrigues de Souza,17392,42968,Cuiabá-MT,Coritiba FC,Toni Oliveira,Guto Ferreira,16,15,7950000,9600000,28.3,27.2,2,1,2,0,8,1,9,8,8,9,1,6,2,2,17,4,7,1
2022,2022-11-13,38,Arena da Baixada,Anderson Daronco,20194,42372,Athletico-PR,Botafogo,Luiz Felipe Scolari,Luís Castro,6,8,41400000,28100000,26,28,3,0,0,0,6,3,19,13,12,19,4,8,2,0,25,9,9,3
2022,2022-11-13,38,Estádio Beira-Rio,Bruno Arleu de Araújo,31632,56000,Internacional,Palmeiras,Mano Menezes,Abel Ferreira,2,1,28550000,85200000,27.4,25.9,3,0,2,0,6,5,13,17,15,12,2,5,1,2,15,11,5,5
2022,2022-11-13,38,Estádio Serra Dourada,Marcelo de Lima Henrique  ,13927,14525,Goiás,São Paulo,Jair Ventura,Rogério Ceni,13,11,11400000,42000000,28.7,26.6,0,4,0,1,3,4,12,14,12,12,3,2,1,0,6,13,3,3
2022,2022-11-13,38,Estádio Jornalista Mário Filho,Edina Alves Batista,63077,78838,Flamengo,Avaí FC,Dorival Júnior,Fabrício Bento,5,19,63750000,4650000,30.6,28.2,1,2,1,1,10,3,14,11,11,14,6,4,1,0,17,15,9,5
2022,2022-11-13,38,Estádio Raimundo Sampaio,Leandro Pedro Vuaden,5005,25000,América-MG,Atlético-GO,Vagner Mancini,Eduardo Souza,9,17,8750000,8700000,31.3,28.1,1,1,1,1,17,5,14,12,12,13,2,8,0,3,36,4,13,1
2022,2022-11-13,38,Neo Química Arena ,Braulio da Silva Machado,43696,49205,Corinthians,Atlético-MG,Vítor Pereira,Cuca,4,7,50800000,40700000,28.1,31.4,0,1,0,1,5,4,11,19,17,10,6,4,1,0,17,17,9,7
2022,2022-11-13,38,Estádio Nabi Abi Chedid,Bruno Arleu de Araújo,4706,13212,RB Bragantino,Fluminense,Marcinho,Fernando Diniz,14,3,38600000,32700000,24.4,27.4,0,1,0,1,4,9,16,15,14,15,3,4,5,0,13,8,6,4
